text,source,original_idx,augmentation_method
130真是佩服这家店开这么久。尽管门面已经小了一圈，但还是开着不容易啊。我们不容易，老板也不容易。自助餐，你可以吃得比平时多，但决不能浪费。想吃回20元，那是不可能的，所以还是不要去了。菜真的很一般，洗干净就好啦。什么都要另外付钱，一定要想好，别的不叫，只吃自助。,original,0,
送货速度奇慢无比,original,1,
这是自己用过最好的用的了,original,2,
兰州公交集团:明起至8月底三条公交线暂不经过靖远路站原标题：明起至8月底三条公交线暂不经过靖远路站中国甘肃网7月20日讯据兰州日报报道(记者薛晓霞)日前，记者从兰州公交集团获悉，由于靖远路(市二医院至庙滩子)路段因道路维修于7月21日至8月底进行全封闭施工，市内35路、81路、108路3条线路将进行临时调整。据悉，35路公交线由兰州西客站开往美伦广场时，兰州西客站至白塔山公园线路不变，经北滨河路九州大道南口左转弯进入九州大道至庙滩子恢复原线路运行；由美伦广场开往兰州西客站时，美伦广场至庙滩子线路不变，左转弯进入九州大道至北滨河路市二医院恢复原线路运行。81路公交线路由市二医院开往省军干所时，经北滨河路九州大道南口左转弯进入九州大道至庙滩子恢复原线路运行；由省军干所开往市二医院时，省军干所至庙滩子线路不变，左转弯进入九州大道至市二医院。108路公交线路由九州创城B区开往兰州西客站时，九州创城B区至朝阳村路口线路不变，直行进入九州大道至北滨河路市二医院恢复原线路运行；由兰州西客站开往九州创城B区时，兰州西客站至白塔山公园线路不变，经北滨河路九州大道南口左转弯进入九州大道至朝阳村路口恢复原线路运行。本报提醒广大市民合理安排出行，以上三条线路线路临时调整后，暂不经过靖远路公交站点。,original,3,
赛马会青少年足球精英训练营是由香港赛马会及曼联合作的一个香港青少年足球训练计划，于2012-2014年，每年从不同香港球会挑选64位15至18岁的青少年接受曼联足球学校派出之教练的两星期训练；再选当中表现最佳两位前往英国曼联青训学院训练一星期。此计划是曼联足球学校国际训练计划的一部分，并同时于英国、阿布扎比、杜拜、印度及中国举办。2012年训练于7月16-27日举行。最后获选赴英者为屯门足球会的陈柏熹及横滨FC香港的陈玮乐 。,original,4,
突然有一天去他家买东西买的海带 回家一尝还真不错~关键是还便宜 呵呵哈尔滨红肠感觉口味也挺正的~,original,5,
如何评价姚明在2016年奈史密斯篮球名人堂入选仪式上的演讲？从大姚的演讲来看，可以发现： 1大姚的英文很好，而且还学会了美国人的幽默。2大姚在NBA遇到过不少贵人，他们给予了大姚很多帮助，让他能取得今天的成功，而大姚也是一个懂得感恩的人。可以说他之所以能取得如今的成就，这两点很重要。英文好而且幽默，才让他更好地融入了美国人的团体中，才可以和一开始的弗朗西斯和莫布里还有后来的麦迪等人成为好队友好朋友，才能让他和汤姆贾科维奇范甘迪阿德尔曼等教练交流无,original,6,
有哪些震撼人心的悼词？弟子世行代答： 古人称，读出师表不涕者，为人必不忠，读陈情表不涕这，为人必不孝，读祭十二郎文不涕这，为人必不悌。年月日，季父愈闻汝丧之七日，乃能衔哀致诚，使建中远具时羞之奠，告汝十二郎之灵： 呜呼！吾少孤，及长，不省所怙，惟兄嫂是依。中年，兄殁南方，吾与汝俱幼，从嫂归葬河阳。既又与汝就食江南。零丁孤苦，未尝一日相离也。吾上有三兄，皆不幸早世。承先人后者，在孙惟汝，在子惟吾。两世一身，形单影只,original,7,
在UCLA陶哲轩手下读博是什么感受？很好奇，陶是公认的天才。很想知道在他手下读博是什么感受？补充，这个网站里可以看到Tao的学生列表强行答一个无关的！一天听讲座，我到的稍微有点晚，挤在门口一个角落，发现旁边这不是Tao吗？也站着呢，没人让座没人理。感觉这可能是我俩地位最平等的一次了吧，想偷摸拍一张合影也没敢。听着听着他还小声笑一下，我就在那里懵逼地边听边琢磨笑点在哪。反正到最后我也是没太听明白，Tao还问了个问题，语速巨快，我既没听懂问题又没听懂答案。感慨自己太渣了。,original,8,
就是短了点很好看但很快结束。一天就看完了有后续吗,original,9,
我是学西班牙语的 老师上课的时候老跟我们说西班牙的海鲜饭特好吃 还说他在西班牙的时候老吃 上礼拜就去了 海鲜饭128快 有点贵,original,10,
每次去来福士逛街都会进去逛下这家店，鞋子都是非常的有设计感，种类很多，样式都十分的漂亮。名字也满好听的，穿起来很舒服。,original,11,
CRISPR到底是怎样的一种技术？是否真的能推动基因治疗？补充，今年获奖了：关于CRISPR全称，具体的机理已经有人回答过了，我来给非生物的朋友解释一下它的伟大之处。在CRISPR没有出现之前，改变一个物种的基因是一件很复杂的事情，转基因技术需要非常熟练的科研人员才能进行操作，需要耗费大量的金钱才能完成，因此转基因技术的应用局限于一些大型的实验室。CRISPR的出现改变了这种状况，因为它相对之前的技术很简单，只需要两个组分就能改变基因，一个组分用来识别你想要改变的地方，另一个组分根据识,original,12,
地方比较干净，环境也还不错，菜味道可以。三文鱼刺身49元斤，分量也算够足。烤生蚝味道也不错；服务还可以，就是上菜有点慢。,original,13,
[南昌市]大众帕萨特降价1.9万 现车充足!促销时间：2015.3.31-2015.4.5日前，搜狐汽车南昌编辑从南昌市大众经销商(江西和平汽车销售服务有限公司)处了解到，店内大众帕萨特火热开售，购帕萨特部分车款优惠1.9万元，现车充足。感兴趣的朋友可致电咨询详情，免费电话400-886-5590转655540。具体车型优惠政策如下：大众帕萨特 厂商指导价 直降 现价 现车情况 询价1.8TSI DSG 30周年纪念版 23.38万 ↓1.9万 21.48万 现车充足致电商家，获取更多优惠信息！免费电话：400-886-5590转655540制表：搜狐汽车南昌站查看更多降价信息请进 降价栏目首页 大众帕萨特 外观 线条美观，有棱有角，体态优美，大气。我选的是釉金，目前在街上看到的不多，有点土豪的赶脚。后部有些溜背，比较象CC！内饰 内饰布局合理，方便。用料也比较精致，镀铬出风口显得很有档次，各种操作按键设计比较人性化。仪表的指针和显示清晰 空间 比较满意，轴距挺长的，前后空间挺大的，尤其后备箱特别大，放个婴儿车什么的，都挺大的。动力 加速有相当的推背感，提速很灵敏。市区驾驶游刃有余，高速驾驶沉着稳定。操控 扎实的底盘，精准的转向，让你操控起来信心十足，对路面的反馈比较到位。（信息来源：南昌 信息员000） 提及搜狐汽车，您将享受更优质的服务。声明：此价格为经销商个体行为，不代表全部经销商。由于市场价格变化多端，文中所报价格仅供参考。,original,14,
如何看待2017年北京高考文科状元熊轩昂的言论？在被问到“是否相信知识可以改变命运”的时候，2017北京高考文科第一名熊轩昂说：高考是阶层性的考试，农村地区越来越很难考出来，我是中产家庭孩子，生在北京，在北京这种大城市能享受到的教育资源，决定了我在学习时能走很多捷径，能看到现在很多状元都是家里厉害，又有能力的人，所以有知识不一定改变命运，但是没有知识一定改变不了命运。<img data-rawheight前一段时间，有一本小说，叫北京折叠。我并没有看这本小说，只是看到这个书名，无奈又感觉哪里恰好契合的让我笑了一声。意思是不是我所想说的：割裂的北京。我和我的好朋友们，美其名曰实习工作，实则类似社会实践一样的在首都呆了不长不短的一段时间。这个年轻人，其实说出了割裂社会里，某一阶级优秀青年代表群的内心真实感受。大部分答案都是在感慨，啊呀，这个小孩这么小其实很通透啊。其实倒不如说，大部分答案的答主并没有,original,15,
很惭愧，身为广州人，竟然不知道烈士陵园里面有个广东革命历史博物馆，如果不是偶尔的发现，还真的不知道何年何月才会发现这里。门票是免费的，广州有这点好，各大公园和部分博物馆免费进入，到其他城市，就无享受过这样的待遇。是一座中间大厅、绕以回廊、两层圆顶的建筑。它原是清末广东咨议局。辛亥革命后，广东人民在这里召开大会，宣布反清独立。1921年5月5日，孙中山就任非常大总统，在这里举行宣誓就职典礼。1925年9月底，成为中国国民党中央党部所在地。国民党第二次全国代表大会和第三次全国劳动大会等重要会议在这里召开，毛泽东主编《政治周报》时在这里办公，谭延闿、李富春主办的中国国民党政治讲习班和何香凝主办的中国国民党妇女运动讲习所在这里上课。它是大革命时期一个重要的革命旧址。该馆以广东人民革命斗争史为基本陈列，介绍从鸦片战争到全国解放这个历史时期广东人民为民族独立解放而进行英勇斗争的历史。其中以第一次国内革命战争时期为重点。又一个值得推介的爱国主义教育基地。,original,16,
非常好的酒店，果然是悦榕庄啊！名不虚传一定要住那个豪华水月阁 床的对面就是个加温的按摩池简直是太浪漫了 西餐厅的套餐也非常出色，尤其是提拉米苏 人间美味还有酒吧 名字太有腔调了 叫酒仙白云中餐厅的东坡肉更要表演销售部的一位姓刘的小姐和一位丁总监在我们入住的时候十分帮忙 表扬！,original,17,
7.20早评API白银天然气原油沥青分析操作策略走过的是时间，看过的是行情，尝过的是盈与亏，回味的是得与失，沉淀的是经验，成就的是境界。善战者，无赫赫战功！市场走势，千变万化，与时俱进，跟随趋势，方能立足。一朵鲜花撑不起美丽的春天，同样一个人的力量也改变不了市场走势，只需在机会来临的时候踏上开往终点的列车，即可得到我们想要的利润。没有人可以回到过去重新开始，但所有的人都可以从现在开始，去书写一个全然不同的结局。原油技术分析：回顾昨日行情：原油昨日小幅高开，亚欧盘行情比较平稳，在小区间内来回震荡，至美盘原油行情大幅波动，上方触及310一线后，快速回落至昨日低点附近，再度反弹。整体上来看作者金赢先锋认为后续原油空头仍占据优势，操作上作者金赢先锋建议还是以高位做空为主，低多为辅。套有多单的朋友可以在下放关键支撑位附近加仓，待行情回调，解套出局，做单的朋友严格止损，做好风险控制。技术面上，原油从四小时走势图来看，布林带整体向下运行，上轨和中轨拐头向下，下轨相对走缓，K线价格在布林带中轨下方窄幅震荡，并受其压制。下方MACD指标在零轴下方形成死叉且继续向下运行，绿色动能柱仍在放量，RSI指标聚拢并拐头向上运行。综合来看，K线价格受布林带中轨和前期高点强力压制，下行势头强劲，但谨防下轨强力支撑，作者金赢先锋预计后续油价将小幅回升再震荡下行。操作上，先锋老师建议以高空为主，低多为辅。美原油操作建议：1、建议在45.7美元附近空单进场，止损0.5美元，目标看44.8美元附近2、建议在44.5美元附近多单进场，止损0.5美元，目标看45.5美元附近天然气行情分析：日线方面来看，均线系统逐渐下行，布林带张口扩大，行情运行于布林下轨上方附近。附图MACD快慢线下行发散，绿柱持续缩量，KDJ指标拐头向上，三线逐渐聚拢形成金叉。四小时图方面；5日均线拐头向下与10日均线粘合，布林带张口走平，行情运行在布林带中轨下方，附图MACD快慢线粘合运行，红色能量柱缩量，KDJ指标死叉下行发散。天然气操作建议：1、未破5060附近空单进，损40点，目标：4900，破位持有；2、未破4880附近多单进，损40点，目标：5050，破位持有；青西大宗天然气操作建议：1、首见4470附近多单进，损40点，目标：5620，破位持有；2、意外下破4450空单进，损40点，目标：4350，破位持有； 白银行情分析：白银方面：从日线图来分析来看，日线连收三根阴线，5日均线有下穿10日均线之势，布林带张口有向下之势，行情运行在布林带上轨下方；作者先锋老师从四小时图来看，K线运行于布林带中轨下方，小时线布林带张口向下，KDJ指标运行于超买区，四小时收线不破布林带中轨压力可以布局空单，下方关注4135附近支撑，目前看回撤的态势仍没有改变，周线支撑在4100附近，短期压力在4220-4230区间，作者金盘先锋预计缠绕下行补跌，继续反弹做空为主，目前白银的价格在接近4220-4230附近时，激进者即可直接做空！白银操作建议：1、建议4220附近空单进场，止损30点，目标4150-4160；2、建议4140附近多单进场，止损30点，目标4180-4210；3、行情瞬息万变，实时做单联系请教本人。今日重点关注财经数据与事件 2016年 7月 20日 周三14:00 德国6月PPI月率16:00 欧元区5月季调后经常帐(亿欧元)16:30 英国6月失业率 英国6月失业金申请人数(万人) 英国5月三个月ILO失业率17:00 瑞士7月ZEW投资者信心指数22:00 美国至7月15日当周EIA原油库存(万桶) 不管你是做实仓，还是模拟，新手还是老手，套单、亏损、还是爆仓都请您调整好心态，尊重市场，跟上我的思路，让你在投资市场重拾信心，一展风采。我们不求一天翻仓、更不求一夜暴富，只求稳健盈利、落袋为安，稳健给单，诚信做人！想在投资中获利，真的没有捷径，只有像苦行僧一样，每日认真作功课，勤于积累，更多交流进除了能提供一些投资经验及学习方法以外，更希望能找到志同道合的投资朋友，一起努力研究，战胜行情，祝各路投资朋友摆脱散户永远输钱的宿命。也希望有更好的机遇为投资者提供良策。如需了解更多原油、沥青、天然气、豆油、贵金属等投资、交易手法、操作技巧以及K线等知识可以关注都可以添加微信:ZDLJ028，微信公号:jaykuaixun01现货快讯之家(长按可复制）进行交流学习。另外我还要说做投资最重要一点：点位到了就干！点位不到就看，做单需要勇气，持单需要勇气！成功不是靠运气，选择大于努力！你赢我陪你君临天下，你输我陪你东山再起。,original,18,
这沐浴露的香味很喜欢,original,19,
正中之变（日语：しょうちゅうの へん）是镰仓时代后期元亨4年9月（西历1333年9月）发生的一次未遂政变。后醍醐天皇策划的讨幕计划被事先发现，首谋者遭到了幕府的处理。虽然当年12月9日才改元为正中元年，但按照习惯史称正中之变。后醍醐天皇从元亨元年（1321年）起开始取代父亲后宇多法皇亲政，并致力于恢复记录庄园券契所。后宇多法皇临终之际下诏，因为皇太子邦良亲王为大觉寺统嫡流（邦良之父为后醍醐天皇兄长后二条天皇），后醍醐天皇有朝一日必须让位邦良亲王。元亨4年6月法皇刚刚驾崩，邦良亲王就立即为了逼后醍醐天皇让位而前往镰仓寻求幕府支持。另外持明院统也以邦良亲王即位后，量仁亲王接任皇太子为条件支持邦良的主张（根据之前文保和谈的约定），镰仓幕府也就决定未来按照这一准则决定皇位継承。然而后醍醐天皇期待着最终能够按照自己的想法施政，在得知自己的身份只不过是一个过渡性的天皇后，除了原本就反感的邦良亲王和持明院统，也对幕府的决定强烈反弹。因此后醍醐天皇计划趁六波罗探题南方・大佛维贞前往镰仓的时机讨幕，为此派侧近日野资朝和日野俊基等人巡回诸国，号召各地的武士和实权派起兵勤王讨幕。当时恶党活动正从几内向各地扩散，奥州的安藤氏之乱也正在加剧，北条得宗家正焦头烂额。后醍醐天皇应该就是打算利用当时的政局不稳，试图把承久之乱之后皇家一直以来的倒幕计划付诸实施。然而9月19日计划被六波罗探题知悉。尽管土岐赖员和多治见国长秘密上洛，但马上就被幕府派人搜捕，双方在四条附近激战，最终二人被逼自尽。六波罗的追查也波及到了朝廷。资朝・俊基等人被治罪，押解到镰仓。资朝被判流放佐渡岛，俊基被赦免归京，但之后被禁足。另一方面，后醍醐天皇派侧近万里小路宣房带着解释信前往镰仓，说明自己跟这次的事变无关，因而免于责罚。军记物语『太平记』在第一卷记述了正中之变的细节：倒幕的秘密会议是以无礼讲（不拘身份的宴会）的名义进行的。参与计划的土岐赖员在某一天夜里把计划泄露给了自己的妻子，而其岳父斋藤利行正是六波罗探题的奉行，倒幕计划因此流产。另外，西大寺的律宗僧人也参与了倒幕。之后建武新政期间担任役职的伊贺兼光和律僧文观被认为也参与了密谋。,original,20,
辘轳首是长颈妖怪的一种，在日本的江户时代流传甚广，通常以女性的形象出现，特征是脖子可以伸缩自如，与井边打水时控制汲水吊桶的辘轳把，性质上颇为相似，故称之为「辘轳首」。与长颈妖怪相关的记载有干宝的《搜神记》，这本书是中国晋代著名的奇谭异闻录，其中提到南方的「落头氏」一族，是这种妖怪的原型，又名「飞头蛮」，此特征与辘轳首并不相同，辘轳首的脖子会突然伸长，但不是像飞头蛮那样，整颗头从脖子的部位与身体彻底分离。长颈妖怪依据精神的自主性，大致区分为两种，一种可以随自己的意念游走，自由飞翔的长颈妖怪；另一种则是无法控制自己会飘到何处，在无意识状态下浮游的长颈妖怪。可以随自己的意念游走的长颈妖怪，会潜入民宅将正在睡眠中的人勒毙，然后用尖锐的牙齿将对方啃蚀殆尽，甚至好几只聚在一起集体行动。由于长颈妖怪的头部和身体经常分离，在脖子的地方，有缠绕著红丝线的习惯，所以地方上有个不成文的禁忌「看到脖子缠红线的女人千万不能娶」，究其原因应该是害怕娶进门的老婆很可能是长颈妖怪的化身。有些人并不知道自己就是长颈妖怪，所以是在无意识的状态下受到某种外力驱使，尽管白天看起来同一般人没什么两样，一旦入夜之后，等到众人进入了梦乡，才会显出妖怪的真面目。首先是脖子突然伸长，接著头部从脖子的部位和身体彻底分离，这时候头部和身体会重新结合在一起，醒来后就像正常人一样行动。本人往往不记得妖怪形态时看到了什么，或做过了什么事。《日本妖怪奇谭》ISBN 9787224085297,original,21,
算命结果非常不好，该如何面对接下来的人生？一个香港师父给我算八字后说我接下来会倒二十年霉！我才二十出头啊 ，这人生还有意思吗？他说我最好呆在家默默工作----------------第一次在问答社区问问题就这么多人回答我，好开心啊！大家的回答都好有帮助启示！至少题猪今天还是lucky day！----------------------------------------------------这两天这么多的回答 题主简直太感动有循循善诱 有一针见血 都十分激励我 改变了我很多想法！现在我懂了 天道酬勤 改变人生就是改变自己！大家的答案我一定都保存 迷茫时拿出来读读 绝对比市面上的励志教材有用几百倍啊 ^O^说实话我想说下 了凡四训 的，结果进来就看到有人已经提了，太上感应篇 嘛又神神鬼鬼不那么让人相信，所以也就不说那些了 自己也初步了解过算命知识，感觉各派并不能完美共容，bug挺多，基本就不可信嘛 民间低水平大师也接触过，滋滋滋不说了 so，我的方案是只听说自己好的，坏的就让他随风去吧去吧去吧,original,22,
电视剧《白鹿原》为什么在播出一集后停播？原定4月16日首播，但播出一集以后就停播。补充书里一段黑我党的言论： 你用列宁的理论判我为贵族并不过分。列宁就是把穷人煽动起来打倒富人消灭富人，结果是富人被消灭了穷人仍然受穷。兆鹏学苏俄在白鹿原上煽动穷汉打倒财东，结果呢？堂堂的农协主任鹿黑娃堕落成了土匪，领着土匪抢银元，刀劈了俺爷又砸断了嘉轩叔的腰杆子作为农协主任没有达到的目的，当了土匪却轻而易举地达到了。你叫我还能信还能再入共产党吗？黑娃们干不成共产党的革命可以当土匪，我可不行呀,original,23,
不论是孩子还是大人都喜欢的一本书画面很美读起来也比较有感觉,original,24,
上门打人逼人脱衣 小小年纪真够狠【概要】宿松高二女生寻衅滋事获刑七个月本报讯（袁勇奇乔剑）因不满前男友和别人谈恋爱，一高二女生多次殴打情敌，并伙同另一女子强拍对方裸照。近日，邓某和杨某被宿松法院以寻衅滋事罪分别判处有期徒刑七个月、六个月。今年16岁的邓某是高二学生，2014年期间，被告人邓某得知被害人何某同其前男友吴某谈恋爱，遂对何某心生怨恨。10月中旬，邓某两次殴打何某，致何某轻微伤。11月3日，邓某同朋友杨某一起进入何某的房间。进去后，邓某先后用网线、伸缩棍等物品对何某实施殴打，杨某亦用伸缩棍对何某实施殴打。为发泄怨气，邓某逼迫何某脱光衣服，喝烟叶泡水，并用竹签刺其胸部，用衣架捅其下体。之后，邓某、杨某将何某带至杨某的出租屋内，继续对何某实施殴打，并用饮料瓶、电视机底座捅，甚至刮其体毛。接着，邓某又将何某带回何某自己的房间继续实施殴打并拍下何某裸照。9时许，邓某等人才离开何某的住处。经安徽省宿松县公安司法鉴定中心鉴定，何某的损伤程度为轻微伤。宿松县人民法院经审理后认为：被告人邓某、杨某随意殴打他人，情节恶劣，其行为已构成寻衅滋事罪。被告人邓某犯罪时不满十八周岁，应当从轻处罚。,original,25,
地道的法国小点心尤其是马卡龙但如果不习惯西式点心的话还是不要太期待的好.可以改去品尝各类小糕点相比之下绝对会很喜欢的.,original,26,
书出的间隔时间太长了而且此类型的书都一起出看的乱套了之前几本的内容已经忘记接不上下次能出厚点的单行本不一把一了的.贵点也行啊太折磨了,original,27,
感觉翻译上没什么大问题感觉不是很生涩 很喜欢内容 翻开就有想一口气看完的感觉,original,28,
地理位置很好，非常大，好幾座樓連在一起，常常會走失，但是服務人員很熱心，管理也比較到位。就是餐廳常常人滿為患，然後也太大了。交通方便，品種繁多，會遇到明星。,original,29,
醉汉撒野 丑态百出[高清版]醉汉撒野丑态百出[高清版],original,30,
单一麦芽威士忌怎么品鉴？剁手节天喵买了瓶本利亚克Benriach经典斯佩塞之心，一路顺丰到手立马开瓶品尝，眠一口，比较平淡，没有强烈的消毒水味，喝不出泥煤味，没有烟熏，很容易入口，没有之前喝调和威士忌那般强烈。本人小白，味蕾没感受过单一麦芽，不甚了解。请问该喝多少单一麦芽威士忌才能分辨出里面的味道本利亚克这个牌子的口碑怎么样？斯佩塞出的单一麦芽是不是口味较轻，易于入门的？如何品尝威士忌请参见答案如何品尝威士忌？- 镜阳秋的回答 如果想大致了解一些常见的单一麦芽威士忌品牌，可以参考答案单一麦芽威士忌有哪些推荐？如果您想“玩得”深一些，还是要理论与实践相结合，仅仅多喝的话容易走弯路或者可能会行程一些主观的错误认识，相关参考书推荐请见答案学习关于红酒与威士忌等知识有哪些资料（书籍视频）推荐？- 镜阳秋的回答 关于Benriach： 非常优秀的经典斯佩塞蒸馏厂，以富,original,31,
如何评价张艺兴对直男的吸引力？迷妹一枚所有周遭看极挑的直男（甚至包括男票）都承认他很帅，很有好感。据说他的男饭也是茶蛋里最多的，发布会男饭大喊我爱你张艺兴，还有跟拍狗仔真心夸赞，甚至地铁大叔亲他海报更别说圈里的大哥小伙伴们了他出了名的讨人喜欢但这是为什么呢（请抓住直男这个重点哟）跟他的长相还是气质有关？我终于可以来回答这个问题了！毕竟一直念文科的我平时都接触不到男人！学工处老师们来检查卫生！一个男老师看到我的台历，拿起来：“这是那个小鲜肉叫什么来着那个” 旁边的其他老师和同学，以及我：“张艺兴。” 男老师：“啊对！这孩子特别好，特别单纯，面相看上去就很朴实。特别适合当男朋友，我要是老丈人，我也喜欢这样的女婿。” 然后巴拉巴拉分析了一段老张的面相。,original,32,
一本与盛名不符的书 我给老版的评论既然有新版了就ZT本来想给2星的因为比起如潮的好评这本书实在是与盛名不符。但是想想其实还是有一定可读性的先给3星吧。用1个月的时间啃完此书。第一个感觉是Covey象其他的西方作者一样很会把一些比较陈旧的论点进行包装建立模型上升到理论高度所以老酒装新瓶。比如双赢啦、把事务通过重要度和紧急度分为4个区间都是些老掉牙的理论了。不过还是要肯定Covey的总结归纳能力的。关于翻译我一直以为是翻得很不错的至少读起来十分贴切和流畅。8过对一个词的翻译让我对整书翻译的准确性产生了怀疑。inside-out翻成了反求诸己但是反求诸己的意思应该是outside-in啊。我没有看过原著也没有动力看但是在这个词后看这本书不得不对翻译的准确程度有了怀疑。一些翻译实在是太中国化了以我看原著并翻译的经验来看多的令人难以置信。当然对整个框架从dependence 到independence 再到interdependence。整个理论框架的确令人耳目一新。最后谈谈书名高效人士的七个习惯其实与其说是给高效人士还不如说是给平衡生活或者幸福生活的因为文章通篇传达了对心灵和对自我价值的重新定义。当然如果书名叫幸福人生的七个习惯估计就没那么畅销了吧。,original,33,
避险支撑金价连涨 下周金市孰重孰轻本周(3月23日-3月27日当周)黄金价格一路飙升，在本周前四个交易日上涨，并且加之上周的升势，金价连升七个交易日，创下了2012年8月来最长升势。不过本周最后一个交易日这样的升势有所放缓。金价连续上涨受到多重因素影响，金价未来走势如何，投资者仍然需要重点关注这些因素。下周(3月30日-4月3日当周)投资者需要关注中东局势的最新进展；重点需要关注美联储动态，以及最为重要的下周五美国 非农就业数据；同时关注实物黄金买盘的变动情况；另外对于希腊债务问题稍加留意。中东局势扑朔迷离，金价受益于避险支撑，投资者需要关注中东局势的进一步进展。阿拉伯世界纷争又起，全球金融市场避险情绪弥漫。本周三媒体报道称，沙特阿拉伯出动战机对也门胡塞反政府武装实施空袭，除了对首都萨那周边进行打击之外，也袭击了一个位于该国南部的军事基地。在发动空袭之后，沙特阿拉伯，阿拉伯联合酋长国，卡塔尔，科威特以及巴林这海湾合作组织六国中的五个成员国发表联合声明，称将在哈迪的请求下组成一个联盟对也门局势实施干预。现货金价也在避险情绪支撑下大幅走高。市场如何看待避险支撑呢？Price Futures Group的分析师Phil Flynn表示，“很多次，市场对类似事件立即作出强烈反应，但在对相关风险进行进一步研究后，人们开始长远地看待事件的影响。” 德国商业银行商品分析师Daniel Briesemann表示，“如果中东局势没有改善，金价可能进一步走强，但如果出现改善，金价可能跌穿1，200美元。”立博塔斯财富管理集团的总裁兼投资组合管理人Adam Koos说，“虽然地缘政治因素总是能够带来短期的价格波动，但是美元才是投资者们应该关注的东西。如果你看到美元下面的陷阱已经打开，那么几乎可以肯定的是，黄金价格将会更大幅度地向上运动。如果美元重归上涨，那么金价的涨势不能持续。”美联储加息忧虑放缓，美元回落也支撑金价，投资者最需要关注美联储动态和美国经济数据。市场对美联储至少在9月前不会升息的预期增强。一项调查显示，华尔街主要银行对美联储升息时机的普遍预期已转变为，联储在至少9月前不会升息。美联储副主席费希尔称，市场“广泛预期”联储将在今年开始升息，不过，政策路径仍不明朗。Logic Advisors的合伙人兼联合创始人Bill O'Neill在谈到现货金在费希尔讲话后续涨时表示。“这是个短期因素。这可能巩固了上周美联储的声明。我认为短期内不会升息。” 花旗的分析师David Wilson表示，“所有看空金市的投资者对6月升息希望破灭非常失望，因此，目前市场臆测将集中在下一次升息的时间上。”总体来看，近来美国公布的经济数据总体疲软也对金价构成了一定的支撑。其中，本周美国2月耐用品订单意外下滑，令金价得到支撑。在美国商务部报告称美国2月份经过季节性因素调整之后的耐用品订单下降1.4%之后，金价继续攀升。令人失望的经济数据降低了近期内加息的可能性。另外本周美国四季度GDP终值数据表现也不及预期。具体数据显示，美国去年四季度实际GDP终值年化月率增长2.2%，预期增长2.4%，修正值增长2.2%。下周美国非农报告袭来。CMC市场的首席市场策略师Colin Cieszynski说，黄金价格在过去几周上涨的背后，一个主要的推动因素是欧洲央行的量化宽松项目。他说，欧洲央行行长德拉基的发言“显示这个项目目前为止进展顺利，这对于黄金价格是有支持作用的”。新德里交易顾问企业英西格尼亚的首席市场分析师Chintan Karnani表示，“我认为交易员们其实是在寻找做空黄金和白银的机会，交易员并没有被说服黄金和白银价格的涨势能够持续。”奥塔维斯特世界贸易公司的联合创始人Erik Gebhard指出，展望未来一周，交易员们将会关注下周五的3月非农就业报告，下周一的2月核心个人消费物价指数。他强调，“就业和通货膨胀数据是联储看重的关键指标，它们都会影响到决策制定者们对何时加息的考量。”实物金买盘不断减少，避险对金价的支撑难持久。本周实物黄金买盘不断减少，表明基金投资人以及亚洲投资人对黄金兴趣降低，也凸显了金价后市或难有重大支撑。贵金属交易商MKS在报告中指出，在目前的价格水准亚洲实货黄金需求减少，未像之前那样支撑市场。金价处于1，145-1，155美元左右时，亚洲实货黄金需求曾支撑市场。本周实货需求也在放缓，受金价上涨拖累。显示实货需求的中国黄金溢价降至约2-3美元，上周为6-7美元。中国为全球第二大黄金消费国。全球最大黄金支持上市交易基金(ETF)SPDR Gold Trust 持金量持续流出。本周全球最大黄金ETF--SPDR Gold Trust 持仓也持续流出，这显示投资人对金价升势保持谨慎。希腊忧虑挥之不去，市场对希腊最终能够达成援助协议的乐观情绪暂时未给金价带来进一步支撑。希腊方面的不安情绪似乎对欧元的打压有限。RBS Securities美国公债策略师Ed Atkins表示，“市场对希腊而言无疑是非常重要的。不安情绪高涨，但仍对希腊将同债权人找到解决办法感到乐观。”希腊政府官员称已经向债权人发送了改革措施清单。CNCB周五报道，希腊政府官员称已经向债权人发送了各方期待已久的改革措施清单，希望通过一个在2015年实现小规模预算盈余的承诺来换取该国迫切需要的现金注入。一名欧元区官员说，被称为布鲁塞尔集团的欧盟和国际货币基金组织团队将从周五晚些时候开始讨论这份清单，不过也有一名希腊官员称评估应该会在周六进行。一旦获得他们的批准，并得到欧元区财政部长们的赞同，希腊将会获得援助项目下一批款项的发放，从而避免可能的破产局面。不过也有众多人士对希腊的未来局势表现担忧。GoldCore公司董事Mark O’Byrne表示：“由于担心希腊爆发债务危机，黄金将会得到这一潜在因素的持续支撑。希腊债务问题的爆发看起来很快就会发生了。该国迅速用光现金，并且退出欧元区、重新启用德拉克马的风险也在与日俱增。,original,34,
二十岁这个年龄应该读什么书？现在二十岁 在上大学，挺喜欢看书，但读过一些之后发现有些迷茫，因为我也不知道在这个年纪应该看一些什么样的书大学毕业到出国，有一年的间隔年。这年除了旅游，最重要的事是，把我家和我爸办公室几架子的书看完了。然后，竟是从来没有过的脑子清楚。当时并没有找固定类型的书看，除了家人特别推荐的，就是按摆放的顺序，一本一本看，一排一排看。很多书看完会忘，但有三本，我一定要推荐。NO.1 稻盛和夫 活法 看这本书之前，一定要了解稻盛和夫是谁。日本有四大经营之圣，松下公司的创始人，索尼公司的创始人盛,original,35,
经常会买这家的包子做早饭，品种还是很多的，味道也蛮好，就是肉包，个人感觉油太多了点，夏天吃有点腻，菜包什么的就还不错了，如果有时候想换口味就会买豆沙包，很软的豆沙在里面，非常好吃。圆的那种很好吃。至于糖糕就很一般了。不是有洞洞眼的那种，就是比一般的馒头要甜一点的普通馒头。,original,36,
"冯小刚前妻照首曝光被赞比徐帆更有气质前段时间，网络中传出一张冯小刚前妻的照片，被众多网友转发，也登上了各大网站的娱乐版面，并被评论为""不输现任太太徐帆""。据悉，冯小刚的前妻名叫张娣，是北京某医院的一名护士。冯小刚早年曾在北京城建开发总公司当工会干事，偶然之中与前来公司探望亲戚的张娣相识，他对张娣一见钟情，由此展开热烈的追求，最终张娣与冯小刚成为夫妻。据冯小刚撰写的《我把青春献给你》一书中披露，他跟徐帆是1993年拍摄《大撒把》时开始相恋的，1999年两人才喜结良缘，张娣和冯小刚是1999年离婚的。冯小刚的前妻很有个性，当她发现丈夫和徐帆的恋情后，不吵不闹，听之任之，拖着他们两人，让徐帆特别难受，后来张娣见冯小刚难以回心转意才同意离婚。一个如此有个性的女人究竟长啥样子？小编注意到，此前媒体一直没有报道过。下面就让我们一起来看看最近网络中曝光的一张张娣的近照吧。冯小刚前妻张娣照片曝光当然，至于“气质不输现任太太徐帆”的说法，大家可以看看比对一下，小编相信每个人都会有自己的答案。近日，导演冯小刚忙个不停，一会儿搞电影一会儿录节目。网友们对冯导的关注也可以说是全方位的了，不仅关心他的电影、他的节目，同时也很关心他的个人生活。而早前，也有大量关于冯小刚与徐帆婚姻破裂，""分居门""、""离婚门""等消息也是传的沸沸扬扬。冯小刚徐帆夫妇前段时间，徐帆出现在《花样姐姐》的节目发布会上，就网友拿冯小刚前妻照片与她对比的事情做出了回应。徐帆表示，对这件事没什么感觉，无非是网友拿她们开个玩笑而已。到底是久经娱乐圈的人物，这些小风小浪看来对徐帆是丝毫不构成影响。机智的冯导对这些消息也进行了澄清，并调侃着说道:""我们让大家失望了""。【趣味测试：极度恐怖诡异的图片！一般人是看不出的】这张照片看似普通，其实有很多诡异之处，你看出几处了？看出4处的观察力还不错，看出6处的观察力很厉害，看出8处的就很了不起了，10处以上嘛……嘿嘿！请问：这张照片有何恐怖诡异之处？",original,37,
信赖贝亲的品质宝宝出生后一直用用着不错活动价格还算可以接受。,original,38,
新能源车2017项目开始申报 新机遇或来临导语科技部发布了“新能源汽车”试点专项2017年度项目申报指南，2017年拟在6个技术方向启动19至38个项目，拟安排国拨经费总概算为11.2亿元。日前科技部发布了“新能源汽车”试点专项2017年度项目申报指南，2017年拟在6个技术方向启动19至38个项目，拟安排国拨经费总概算为11.2亿元，涉及动力电池和电池管理系统、电机驱动、汽车智能化等方面。这些方面都是电动汽车的核心技术。很明显，国家是希望我们自己的企业能够自主研发掌握这些核心技术，减少对外界技术力量的依赖。据悉，凡企业牵头的项目须自筹配套经费，配套经费总额与国拨经费总额比例不低于1：1。而近日，经历了骗补风波后，北京市经济和信息化委员会发布了《关于2016年北京市拟拨付第三批新能源汽车财政补助资金的公示》。2016年北京市拟拨付第三批新能源汽车补助资金共涉及4726辆，拟拨付资金57329.451万元。相比于前两批，总金额依旧有所增长。第三批获得财政补助的企业有这些：重庆长安汽车股份有限公司，84辆纯电动乘用车获得378万补助资金；北京汽车股份有限公司，2521辆纯电动乘用车11346.5万补助资金、1175辆纯电动专用车6230.436万补助资金；北汽福田汽车股份有限公司，814辆纯电动客车37650万补助资金、126辆纯电动专用车1597.32万补助资金；北京现代汽车有限公司，1辆纯电动乘用车4.75万补助资金；江苏九龙汽车制造有限公司，5辆纯电动客车149.445万补助资金。到目前为止，三批补助名单总共覆盖16700辆纯电动车，补助资金总额达到139141.241万元。这么多钱，电动君表示想都不敢想。部分企业业绩受累“骗补”事件国内新能源汽车正经历一场大变局，9月份，五家公司被财政部通报涉嫌恶意骗补，不仅将被财政部追回中央财政预拨资金，而且还将受到行政处罚的罚款。而受“骗补”事件的影响，9月新能源汽车市场增长速度出现大幅下跌，新能源汽车产销同比分别仅增长25.7%和43.8%，而部分企业的业绩也受到影响。目前网络上出现一份名为《国内新能源汽车制造企业骗补违规谋补汇总表》的名单，几乎涉及了国内所有从事新能源汽车生产和销售的整车企业。而有媒体披露，上述名单中涉及的总计70多家车企，共涉及骗补及谋补车辆76374辆，合计金额92.7亿元人民币。国家多个部委从2016年1月底开始联合展开了对新能源汽车骗补的联合调查，历时8个月之后，9月才对外公布了5家骗补企业名单，而未公布的名单或不止这些。相关公司业绩下滑据中国汽车工业协会统计，9月新能源汽车生产4.3万辆，销售4.4万辆，同比分别仅增长25.7%和43.8%，国内新能源汽车遭遇大幅下滑。受到处罚影响，涉及骗补的汽车企业业绩也大受影响，其中力帆新能源车9月份产量为99辆， 同比减少45.0% 。许多企业都直接或者间接减少了上亿元的利润，这无疑是一个巨大的打击。目前一些汽车企业其市场盈利不高，主要靠政府补贴，有媒体披露，国内某上市公司2015年销售新能源汽车所获政府补助为68亿元，但2015年该公司净利润为35亿元，政府补助高出其净利润近两倍。《电动汽车时代》点评此次严查骗补，短期会影响到国内新能源汽车市场产销，这也是没有办法的情况，情况混乱，是必须要整顿的，纵容下去只会导致更严重的后果。从长期来看则有利于整个国家新能源汽车产业的发展。国家对新能源汽车的扶持并不会因此而受到大的影响，只是规则更严格清晰，真正补贴那些应该被补贴的。目前为止，新能源乘用车行业渗透率低，增速高，空间大。2016年全年渗透率预计不及2%，未来几年有望连续翻倍增长。而根据工信部积分政策要求，2020年乘用车销量按3000万辆，对应新能源积分360万分，需生产约120万辆车。而最近发布的“新能源汽车”试点专项2017年度项目申报指南将给国内新能源汽车带来新的市场机遇。总而言之，瞒天过海只能逍遥一时，真正做实事掌握具有竞争力的核心技术，才是重中之重。,original,39,
亚洲互动传媒有限公司，简称亚洲互动传媒（、，东京证券交易所除牌时2149.T），曾在2002年创立位于北京市的「北京宽视网络公司」，当时从事TVPG业务。当时股份在2007年4月26日，在东京证券交易所母体板上市。但由于原首席执行官崔建平在未经得到董事会同意下，非法占用资金以中饱私囊，而股价由2055日圆急降至5日圆。故此红杉资本、日本最大的广告公司电通、日本最大的卫星通信公司JSAT、伊藤忠商事、NTT移动通讯公司、以及JCD公司已损失不少金钱。经过在2008年9月20日，东京证券交易所作出以「监察非表明」进行除牌。,original,40,
涂防晒霜要卸妆吗？卸妆水、卸妆乳、卸妆油有什么差别？本人额头爆痘，害怕涂了防晒继续闷痘。说几个我用过的吧。韩束晒美白30倍防晒乳不防水，当然不用卸。悦诗风吟这管我刚入手，因为它只有物理防晒剂，听说敏皮不会过敏，所以买了但实际用着还是不舒服。洗面奶洗了两次都洗不掉。卸妆水需要弄到化妆棉上再擦脸，天天这么卸我总觉得会伤害角质层使皮肤更敏感。卸妆油一沾水就容易乳化，所以要保持双手干燥，每次要把手洗干净再甩干才能开始卸妆不快乐。所以比较喜欢卸妆膏卸妆乳这类的，至少摩擦皮,original,41,
到哪里都爱点烤鳗鱼，这里的考鳗鱼不油腻哦，还有碗蒸，每次都得吃2碗以上自助上的挺快的，现在自助涨钱了吧，日本污染后就很少去了。,original,42,
这是小肥羊的新店，生意相当火，菜品也在不断推新，质量不错，很受欢迎，还有特色舞面，也很吸引人，舞面的服务员技艺还是可圈可点的，,original,43,
有次和嫩嫩逛街的时候路过就唱了2个小时 记得好像是28一个小时 音质什么都还不错 就是价格有点高 谁叫人家是连锁的呢~,original,44,
某日逛完越秀公园后找不到地方吃饭，便来了这吃火锅~发现这里的锅是有分大小的，挺人性化的~滋补汤底：其实就是超市卖的汤料的的味道，很浓郁，以至于不需要沾酱~羊羔肉：必点的肉类，肉香浓郁，不过煮久了比较容易柴~鲜羊肉丸子：丸子放了挺多香油去调味，盖住了本身的羊肉味，不过挺嫩的~冻豆腐：强烈推荐~吸收酱汁的能力很好~木耳：比较难入味，还成吧~油麦菜：正常青菜应有的水准~吃完之后送了一张50元的餐券~,original,45,
好东西 中国人都知道,original,46,
如何看待异乡好居老板娘控（wu）告程序员删代码？如下图，一个我敬仰的前辈被老板娘诬告删了价值几百万的代码，真心打抱不平，我也快进入创业公司了，如果这种事情发生在我身上，我该怎么办？<img data-rawwidth具体情况，貌似有很多人都说明了。这里也贴一下张张同学对我的回复。这都是人生经历，都会过去的，是吧。那么有位律师朋友，也给出了恶意删除代码的解释。我个人的理解是，如果程序员未经公司同意删减代码，造成程序的不正常运行，也就构成了破坏生产经营罪。反之则不构成，破坏生产经营罪。谢谢这位律师朋友的普法。leader也曾经跟我说过一个案例，说某程序员使用了前东家的核心算法，被告了的事情。那么以我在四家创业公司,original,47,
"通用光碟格式（Universal Disk Format，简称UDF）是一个使用在光学储存媒体的档案系统的规格。它实行了ISO/IEC 13346标准（亦称为-167）。它亦是用作取代ISO 9660，现时已经广泛地用于可写光学储存媒体上。UDF是由光学储存技术协会（，OSTA）开发并维护的。UDF档案系统是由光学储存技术协会标准化。其目标在于组织一个供所有光学储存媒体通用的档案系统。这仍然是继续进行UDF标准化的主要目的，尽管对一些不常用的单写多读储存媒体的支援有限，而且可能会增加对非光学储存媒体的支援。当它在第一次标准化时，它已经设计成取代ISO 9660，它容许唯读和可读写储存媒体的支援。在第一个版本释出后，UDF几乎直接地被DVD论坛（DVD Consortium）采用作官方DVD档案系统。现时，UDF档案系统可以在市场上大多数常见的光学储存媒体上，以及在差不多所有可烧录影片的DVD媒体上使用。因为其目的，起初UDF主要在光学储存媒体上使用。大多操作系统需要特别的第三方软体以读取UDF。现在几乎所有操作系统本身都至少支援读取UDF档案系统，当中很多亦支援写入部分格式。因为这些增长的支援，UDF开始在可以转换的非光学储存媒体上出现，如，大型的快闪记忆体，甚至在硬碟上。在现在的Windows Vista以上系统，都可以使用UDF格式化光碟，但是格式化过程很慢，需要几分钟的时间，在超过2 GB的光碟将强制使用UDF格式。UDF已经推出了不同版本：（日期以日/月/年示）在下个UDF版本推出前，有相关讨论中UDF可望用在硬碟媒体中，及在摄影用储存媒体中。UDF的好处是使用者可以移除和复制档案，与传统光碟不一样的是可以删除档案，并且功能与USB相同，但是因为烧录装置速度的关系，所以写入档案时不如USB速度快。UDF的缺点是使用者把光碟读取于CD播放机上，可能会不能播放，目前能播放UDF的光碟播放机较少，并且旧版的作业系统可能不能读取。大多数DVD播放器不支援高于1.02版本UDF的光碟。但若使用ISO 9660档案系统作桥接者，较新版本的UDF的光碟仍有可能被读取。当有些DVD烧录程式在使用1.50版本UDF来烧录视像DVD时，使用者会发现必要避免使用精灵引导，以及直接以手动方式设定以1.02版本烧录。即使若作业系统声称支援1.50版本UDF，它仍可能只支援""完全写入""，而不支援VAT或后备式的UDF组建。Mac OS X 10.4.5版本声称支援1.50版本UDF（详情请见其""man mount_udf""部分），但只可以""完全写入""组建载入及不提供虚拟化选项。Mac OS X不能以VAT方式载入，相似于发生在Sony Mavica摄影机的一样。10.4.11版本之前，可以Sparing Table方式载入，但不能正确地读取档案，这个问题直至10.4.11版本才版解决。相似地，Microsoft Windows XP Service Pack 2（SP2）在其不完善的UDF管理系统下，不能读取2.00版本UDF的DVD-RW光碟。UDF管理系统会将DVD-RW建立一个备用档案表，横越多于一个磁区，因而发生读取错误。Windows XP SP2可识别该DVD为UDF档案系统，但会出现为空白光碟。以上的问题随着Service Pack 3中的修正文件发表而被解决",original,48,
自主品牌车「好」到什么程度了？好像大家更愿意讨论我们自主品牌和一流大厂的差距想知道我们自主品牌现在好到什么程度了？这里的好是褒义。有哪些技术已经领先了？圈内人士，想谈谈所谓的技术问题。汽车是装配件，技术不仅是对主机厂，还有供应商提供优秀零件的技术能力。全球采购的大背景下，很多车企，特别是自主品牌的同一零件的供应商都是相同的，但是提供出来的零件确实“千差万别”。工作原因，接触过国内几家自主品牌车企和英国某高端品牌车企，时间一长，越感觉差别不是简单几个层次能描述。很多自主品牌推新车的速度能轻松上天，杭州某一主机厂，零件要试生产了都未确认技术图纸，,original,49,
真让人佩服这家店能经营这么久。虽然门面缩小了一圈，却依旧维持营业并不简单。我们和老板都不容易。自助餐可以吃得比平时多，但绝不能浪费。想要退回20元，根本不可能，还是别去吧。菜品真的很普通，干净就行。所有东西都要额外收费，务必三思，别点别的，只吃自助。,augmented_v1,0,prompt_1
我深感佩服这家店经营至今。尽管门面已略显简约，但仍不易维持。我们与老板同样面临诸多困难。自助餐可比平时多食，但务必避免浪费。若期望退回20元，恐怕无法实现，建议不再前往。菜品质量一般，只需洗净后食用。所有项目均需额外付费，请务必三思，若只想吃自助，请自行决定。,augmented_v2,0,prompt_2
这家店开了这么久，真让人佩服。门面虽已变小，但仍不易经营。我们和老板都不容易。自助餐可以比平时吃得多，但一定不能浪费。想要回20元是不可能的，还是别去了。菜品很一般，洗干净就行。所有东西都要另外付费，一定要想清楚，别叫别的菜，只吃自助。,augmented_v3,0,prompt_3
配送速度极其缓慢,augmented_v1,1,prompt_1
送货速度极其缓慢,augmented_v2,1,prompt_2
送货速度极慢，毫无可比。,augmented_v3,1,prompt_3
这是我用过的最好的。,augmented_v1,2,prompt_1
这是我使用过的最好的产品,augmented_v2,2,prompt_2
这是自己用过的最好的了,augmented_v3,2,prompt_3
"兰州公交集团公告：自即日起至8月末，三条公交线路将暂时改道，届时不再经过靖远路站。此举是因靖远路（市二医院至庙滩子段）自7月21日至8月底进行全封闭施工。具体调整如下：

- **35路**：从兰州西客站前往美伦广场时，仍沿原路行驶至白塔山公园；随后在北滨河路九州大道南口左转，进入九州大道直达庙滩子，恢复原线路。返回时，美伦广场至庙滩子段保持不变，左转进入九州大道至北滨河路市二医院，恢复原路线。

- **81路**：从市二医院驶往省军干所时，沿北滨河路九州大道南口左转，进入九州大道直达庙滩子，恢复原线路。返回省军干所时，省军干所至庙滩子段不变，左转进入九州大道至市二医院。

- **108路**：从九州创城B区前往兰州西客站时，九州创城B区至朝阳村路口保持不变，直行进入九州大道至北滨河路市二医院，恢复原线路。返回时，兰州西客站至白塔山公园保持不变，随后在北滨河路九州大道南口左转，进入九州大道至朝阳村路口，恢复原线路。

请广大市民合理安排行程，三条线路改道后将不经过靖远路站。",augmented_v1,3,prompt_1
兰州公交集团通告：从即日起到8月底，三条公交线路（35路、81路、108路）将不经过靖远路站。原因是靖远路（市二医院到庙滩子段）7月21日至8月底进行全封闭维修。具体调整如下：35路：从兰州西客站到美伦广场时，西客站至白塔山公园不变，经过北滨河路九州大道南口左转进入九州大道到庙滩子，恢复原线路；从美伦广场回西客站时，美伦广场至庙滩子不变，左转进入九州大道到北滨河路市二医院，恢复原线路。81路：从市二医院到省军干所时，经过北滨河路九州大道南口左转进入九州大道到庙滩子；从省军干所回市二医院时，省军干所至庙滩子不变，左转进入九州大道到市二医院。108路：从九州创城B区到兰州西客站时，九州创城B区至朝阳村路口不变，直行进入九州大道到北滨河路市二医院；从兰州西客站回九州创城B区时，西客站至白塔山公园不变，经过北滨河路九州大道南口左转进入九州大道到朝阳村路口。请市民合理安排出行，三条线路临时调整后将不经过靖远路站。,augmented_v2,3,prompt_2
"兰州公交集团公告：从即日起至8月底，三条公交线路将暂不经过靖远路站。原因是靖远路（市二医院至庙滩子）路段因道路维修，7月21日至8月底进行全封闭施工。受影响的线路为35路、81路、108路，均做临时调整。

35路：  
- 从兰州西客站到美伦广场时，兰州西客站至白塔山公园段不变，北滨河路九州大道南口左转进入九州大道至庙滩子，恢复原线路；  
- 从美伦广场到兰州西客站时，美伦广场至庙滩子段不变，左转进入九州大道至北滨河路市二医院，恢复原线路。

81路：  
- 从市二医院到省军干所时，经北滨河路九州大道南口左转进入九州大道至庙滩子，恢复原线路；  
- 从省军干所到市二医院时，省军干所至庙滩子段不变，左转进入九州大道至市二医院。

108路：  
- 从九州创城B区到兰州西客站时，九州创城B区至朝阳村路口段不变，直行进入九州大道至北滨河路市二医院，恢复原线路；  
- 从兰州西客站到九州创城B区时，兰州西客站至白塔山公园段不变，北滨河路九州大道南口左转进入九州大道至朝阳村路口，恢复原线路。

请广大市民合理安排出行，以上三条线路调整后暂不经过靖远路站。",augmented_v3,3,prompt_3
赛马会青少年足球精英训练营是香港赛马会与曼联联合推出的青少年足球训练项目，开展时间为2012至2014年。每年项目从不同的香港俱乐部中挑选64名年龄在15至18岁的少年，接受曼联足球学校派遣的教练为期两周的训练。随后，评选出表现最优的两名选手前往英国曼联青训学院进行一周的进阶训练。该项目属于曼联足球学校国际训练计划的一部分，并在英国、阿布扎比、杜拜、印度和中国等地同步举办。2012年的训练安排在7月16日至27日。最终被选中前往英国的两位少年分别来自屯门足球会的陈柏熹和横滨FC香港的陈玮乐。,augmented_v1,4,prompt_1
这项训练营是赛马会与曼联合作的青少年足球训练计划。2012到2014年，每年从不同的香港俱乐部挑选64名15-18岁的少年，送去曼联足球学校的教练那里训练两周。然后从中挑选表现最棒的两位，送去英国曼联青训学院再训练一周。这个计划是曼联足球学校国际训练计划的一部分，也在英国、阿布扎比、杜拜、印度和中国举办。2012年的训练在7月16日至27日举行。最终被选去英国的有屯门足球会的陈柏熹和横滨FC香港的陈玮乐。,augmented_v2,4,prompt_2
赛马会青少年足球精英训练营是香港赛马会与曼联合作的青少年足球训练计划。该计划在2012至2014年间实施，每年从不同香港球会挑选64名15至18岁的青少年。被选中的青少年将接受曼联足球学校派出的教练为期两周的训练。随后，表现最出色的两名选手将前往英国曼联青训学院，再进行一周的训练。此计划是曼联足球学校国际训练计划的一部分，同时也在英国、阿布扎比、杜拜、印度和中国举办。2012年的训练时间为7月16日至27日。最终被选赴英的两位选手分别是屯门足球会的陈柏熹和横滨FC香港的陈玮乐。,augmented_v3,4,prompt_3
一天突发奇想去他家逛街，买了海带，回家尝了一口，味道相当不错，最关键的是还很便宜。哈哈，哈尔滨红肠的口味也很正。,augmented_v1,5,prompt_1
我突然有一天去他家买东西，买了一些海带。回家后品尝，味道确实不错，且价格实惠。哈尔滨红肠的口味也相当正宗。,augmented_v2,5,prompt_2
突然有一天，我去他家买东西，买了一些海带。回家尝了一下，果然不错，而且还很便宜。哈哈，哈尔滨红肠的口味也挺正的~,augmented_v3,5,prompt_3
对姚明在2016年奈史密斯篮球名人堂入选典礼上的演讲，如何评价？从“大姚”的发言中可见：①他的英语水平很高，并且掌握了美国式幽默；②在NBA生涯中，他结识了许多贵人，他们给予了他大量支持，使他走向今日的成就，而他本人也十分懂得感恩。可以说，这两点是他能取得如今成功的关键。优秀的语言表达和幽默感让他更容易融入美国团队，促成了与弗朗西斯、莫布里以及后来的麦迪等人成为优秀队友与好友，也让他能与汤姆·贾科维奇、范甘迪、阿德尔曼等教练顺畅交流。,augmented_v1,6,prompt_1
如何评价姚明在2016年奈史密斯篮球名人堂入选仪式上的演讲？从他的演讲中可以看出：①姚明的英语水平非常好，并且懂得美国式幽默；②他在NBA期间得到了多位贵人的帮助，这些帮助使他能够取得今天的成就，姚明本人也十分懂得感恩。可以说，这两点是他能够取得如今成就的关键。优秀的英语和幽默感使他更好地融入美国篮球圈，得以与弗朗西斯、莫布里、麦迪等人成为好队友和朋友，并与汤姆、贾科维奇、范甘迪、阿德尔曼等教练保持良好沟通。,augmented_v2,6,prompt_2
如何评价姚明在2016年奈史密斯篮球名人堂入选仪式上的演讲？从大姚的发言来看，可以发现两点。首先，他的英语水平很高，并且学会了美国式幽默；其次，他在NBA期间遇到不少贵人，他们给予了他许多帮助，让他能够取得今天的成就。姚明也是一个懂得感恩的人。正是这两点，使他能够更好地融入美国的篮球圈，结识弗朗西斯、莫布里、麦迪等优秀队友和朋友，并与汤姆、贾科维奇、范甘迪、阿德尔曼等教练进行顺畅交流。,augmented_v3,6,prompt_3
哪些悼词能令人心潮澎湃？弟子世行代作答：古人说，读《出师表》不泪不流，必不忠；读《陈情表》不泪不流，必不孝；读《祭十二郎文》不泪不流，必不悌。某年某月某日，季父在得知你丧事七日后，方才真诚哀悼，献上庄严祭奠，告知十二郎的灵魂：哎呀！我从小孤苦，长大后亦无所依靠，唯有兄嫂相扶。中年时，兄在南方去世，我与你同为少年，随嫂回河阳安葬。随后又与您一同在江南就餐。虽身处孤苦，却从未有一日离别。上辈我有三位兄长，皆不幸早逝。继承先人后裔，孙辈唯有你，子辈唯有我。两代同在，孤单无援。,augmented_v1,7,prompt_1
你想知道哪些悼词能让人心潮澎湃吗？我弟子世行来给你答复：古人说，读《出师表》不流泪，说明你不忠；读《陈情表》不流泪，说明你不孝；读《祭十二郎文》不流泪，说明你不悌。某年某月某日，季父听说你丧失七天后，才开始真诚哀悼，安排了建中远的祭奠，向你十二郎的灵魂说：“哎呀！我小时候孤单，长大后也不懂得依靠，只有兄弟姐妹才是我的依靠。”中年时，兄弟在南方去世，我和你一起从小到大，跟着嫂子回去葬在河阳。后来又和你一起去江南吃饭。虽然很孤单，但从未有一天分离。我的上辈有三个兄弟，都是不幸早逝。传承先人后代，孙辈只有你，子辈只有我。两代人只有我们两个人，孤单无助。,augmented_v2,7,prompt_2
"有哪些震撼人心的悼词？  
弟子世行代答：  
古人称，读出师表不涕者，为人必不忠；读陈情表不涕者，为人必不孝；读祭十二郎文不涕者，为人必不悌。  
年月日，季父愈闻汝丧之七日，乃能衔哀致诚，使建中远具时羞之奠，告汝十二郎之灵：  
呜呼！吾少孤，及长，不省所怙，惟兄嫂是依。  
中年，兄殁南方，吾与汝俱幼，从嫂归葬河阳。既又与汝就食江南。  
零丁孤苦，未尝一日相离也。  
吾上有三兄，皆不幸早世。承先人后者，在孙惟汝，在子惟吾。两世一身，形单影只。",augmented_v3,7,prompt_3
在UCLA读陶哲轩的博士会是什么样的体验？我一直很好奇，因为陶被公认为天才。想知道在他指导下读博的感受。顺便提一句，网站上可以看到他的学生名单，强行回答了一个无关的问题。某天去听他的讲座，我稍微迟到了，挤在门口的一个角落。旁边站着正是陶，他也站着，没人让座也没人理我。那一刻，我觉得我们俩的身份可能是最平等的。想偷偷拍张合影，却不敢。听着听着他轻声笑，我在那里迷惑地一边听一边琢磨笑点在哪里。结果到最后我还是没完全听懂，陶还提了个问题，语速极快，我既没听懂问题也没听懂答案，感叹自己太菜了。,augmented_v1,8,prompt_1
在加州大学洛杉矶分校（UCLA）接受陶哲轩教授指导攻读博士学位的体验如何？我对此颇感好奇，因为陶教授被广泛认为是天才。想了解在他的指导下读博的真实感受。补充说明：在该网站上可以查看陶教授的学生名单，然而我强行回答了一个与此无关的问题。某日参加讲座，我稍微迟到，挤进门口的一个角落。发现旁边站着的正是陶教授，周围无人让座，也无人理会。那一刻，我感到我们之间的地位最为平等，想偷偷拍一张合影，但最终没有冒险。讲座中，陶教授轻声笑了一下，我当时感到迷惑，边听边试图找出笑点。最终，我对讲座内容并未完全理解；陶教授随后提问，语速极快，我既没听懂问题，也没听懂答案。对此，我感到自己实在太差劲。,augmented_v2,8,prompt_2
我很好奇在UCLA读博士，尤其是跟陶哲轩这样的天才导师一起。网上可以看到他的学生名单，但我更想知道亲身经历会怎样。一天，我去听他的讲座，稍微晚到一点，挤在门口的一个角落。旁边站着的正是陶哲轩，没人让座，也没人理我。那一刻，我觉得我们俩的地位最平等，甚至想偷偷拍一张合影，却又不敢。听讲时，他不时小声笑，我边听边琢磨笑点，却总是摸不着。到讲座结束时，我对内容几乎一无所知。陶哲轩还提了一个问题，语速极快，我既听不懂问题，也听不懂答案。于是我只得感叹自己太渣了。,augmented_v3,8,prompt_3
虽然篇幅有点短，但很精彩，结局来得很快。一天就看完了，请问还有后续吗？,augmented_v1,9,prompt_1
这部作品虽然篇幅略短，但十分精彩，结局也很快。一天之内就看完了，请问是否还有后续？,augmented_v2,9,prompt_2
这部剧短小精悍，虽然很快结束，但很好看。一天就看完了，请问还有后续吗？,augmented_v3,9,prompt_3
我在学西班牙语，老师上课时常说西班牙的海鲜饭非常好吃，还提到他在西班牙时经常点。上个礼拜我去了一家餐厅，海鲜饭的价格是128元，有点贵。,augmented_v1,10,prompt_1
我正在学习西班牙语。上课时，老师经常向我们推荐西班牙海鲜饭，并表示它非常美味。老师还提到，在他曾经居住于西班牙期间，常常品尝当地的海鲜饭。上周，我前往一家餐厅尝试，海鲜饭的价格为128元，略显昂贵。,augmented_v2,10,prompt_2
我在学西班牙语。老师上课时经常跟我们说，西班牙的海鲜饭非常好吃。他说自己在西班牙时常吃。上周我去了一家，海鲜饭128块，价格有点贵。,augmented_v3,10,prompt_3
每次到来福士逛街，我都会顺道进这家店逛逛。鞋子设计感十足，品种繁多，款式都非常漂亮。店名也很悦耳，穿上去非常舒适。,augmented_v1,11,prompt_1
每次前往来福士购物中心，我都会进入这家店铺。店内的鞋子设计感十足，品种繁多，款式优雅。店名朗朗上口，穿着舒适。,augmented_v2,11,prompt_2
每次去来福士逛街，我都会顺便逛逛这家店。鞋子设计感十足，种类繁多，样式十分漂亮。店名也非常好听，穿起来很舒服。,augmented_v3,11,prompt_3
CRISPR到底是什么技术？它真的能推动基因治疗吗？补充一下，今年获得了奖项：关于CRISPR的全称和具体机制，已有专家解释，我想为非生物学的朋友们说明它的伟大之处。在CRISPR出现之前，改造一个物种的基因非常困难，转基因技术需要极高的专业水平和大量资金，因而只能在大型实验室里使用。CRISPR的问世改变了这一现状，它比以往技术更为简便，只需两种组分就能完成基因编辑：一种负责识别目标位置，另一种则根据识别结果进行操作。,augmented_v1,12,prompt_1
CRISPR到底是一种怎样的技术？它是否真的能够推动基因治疗？补充：今年获得了奖项。关于CRISPR的全称以及具体机理已有先行者阐述，我在此向非生物学背景的朋友们解释其伟大之处。早在CRISPR出现之前，改变物种基因是一项极为复杂的工作，转基因技术需要高度熟练的科研人员操作，并且成本昂贵，因而其应用仅限于大型实验室。CRISPR的出现彻底改变了这一局面。相比以往技术，它更为简便，只需两种组分即可完成基因编辑：一种用于识别待修改的目标位点，另一种则根据识别结果进行切割或修饰。,augmented_v2,12,prompt_2
"CRISPR到底是一种怎样的技术？它真的能推动基因治疗吗？今年还获得了奖项。关于CRISPR的全称和具体机理，已有专家给出答案。下面我来给非生物学朋友解释它的伟大之处。  
在CRISPR出现之前，改变一个物种的基因是一件非常复杂的事情。转基因技术需要非常熟练的科研人员操作，并且耗费大量资金，因此仅限于大型实验室。CRISPR的出现彻底改变了这种状况。它相对之前的技术更为简单，只需两个组分即可完成基因编辑：一个组分负责识别目标位点，另一个组分根据识别的序列进行切割。",augmented_v3,12,prompt_3
店面干净度不错，整体环境也相当舒适，菜品口味尚可。三文鱼刺身售价49元/斤，分量相当充足。烤生蚝同样味道佳；服务态度尚可，但上菜速度稍慢。,augmented_v1,13,prompt_1
该店面相对干净，环境亦相当不错，菜肴口味尚可。三文鱼刺身价格为每斤49元，分量亦算充足。烤生蚝味道亦相当不错；服务亦可，但上菜稍显迟缓。,augmented_v2,13,prompt_2
地方比较干净，环境也还不错，菜味道可以；三文鱼刺身49元/斤，分量算够足；烤生蚝味道也不错；服务还可以，只是上菜有点慢。,augmented_v3,13,prompt_3
"南昌市大众帕萨特价格下调1.9万元，现车充足！促销时间：2015年3月31日至2015年4月5日。搜狐汽车南昌编辑从江西和平汽车销售服务有限公司获悉，店内大众帕萨特热销，部分车型降价1.9万元，库存充足。对该车感兴趣的朋友请致电400-886-5590转655540了解详情。具体优惠如下：  

| 车型 | 厂商指导价 | 直降 | 现价 | 现车情况 |
|------|------------|------|------|----------|
| 1.8TSI DSG 30周年纪念版 | 23.38万元 | ↓1.9万元 | 21.48万元 | 现车充足 |

如需获取更多优惠信息，请拨打免费电话：400-886-5590转655540。制表：搜狐汽车南昌站。更多降价资讯请进入降价栏目首页。  

**大众帕萨特**  
- **外观**：线条流畅、棱角分明，整体气势十足。我选择的是釉金色，街上不常见，略显豪华。后部带有溜背设计，略似CC。  
- **内饰**：布局合理、用料考究，镀铬出风口增添档次感，按键设计人性化，仪表盘指针与显示清晰。  
- **空间**：轴距较长，前后乘坐空间宽敞，尤其后备厢容量大，可轻松放置婴儿车等。  
- **动力**：加速时有推背感，提速灵敏，市区驾驶顺畅，高速行驶沉稳。  
- **操控**：底盘扎实、转向精准，让驾驶者信心十足，路面反馈到位。  

（信息来源：南昌信息员000）  
提及搜狐汽车，即可享受更优质的服务。声明：本价格为经销商个体行为，并不代表全部经销商。鉴于市场价格波动，文中所列价格仅供参考。",augmented_v1,14,prompt_1
"大家好，南昌的朋友们注意啦！  
搜狐汽车南昌站告诉你，江西和平汽车销售服务有限公司（就是我们当地的那家大众经销商）现在正热销大众帕萨特，部分车型直接优惠1.9万元，现车充足，快来抢购吧！  

**促销时间**：2015年3月31日到4月5日  
**优惠车型**：  
- 1.8TSI DSG 30周年纪念版  
  - 原厂指导价：23.38万元  
  - 直降：1.9万元  
  - 现价：21.48万元  
  - 现车充足  

想了解更多优惠细节？直接打电话 400-886-5590 转 655540，免费咨询。  

---

### 车子小评测（大家可以参考一下）

**外观**：线条挺美，棱角分明，整体体型大气。  
我选的是釉金色，街上不太见到，感觉有点土豪气。后面有点溜背，像CC一样。  

**内饰**：布局合理，操作方便。用料精致，镀铬出风口显档次，按键设计人性化。仪表盘指针清晰，显示也很直观。  

**空间**：轴距长，前后座位空间都不错，尤其后备厢大，放婴儿车都够用。  

**动力**：加速有推背感，提速灵敏。市区开起来轻松，高速稳定。  

**操控**：底盘扎实，转向精准，路面反馈到位，开起来很有信心。  

（信息来源：南昌信息员000）  

别忘了，以上价格是经销商个体行为，市场价格会变，价格仅供参考。祝大家选车愉快，安全驾驶！",augmented_v2,14,prompt_2
"搜狐汽车南昌站推出大众帕萨特降价活动，促销时间为2015年3月31日至2015年4月5日。来自南昌市大众经销商（江西和平汽车销售服务有限公司）的信息显示，店内大众帕萨特正火热开售，部分车型优惠1.9万元，现车充足。  

感兴趣的朋友可致电400‑886‑5590转655540了解详情。  

**具体车型优惠政策如下**  
- 大众帕萨特 1.8TSI DSG 30周年纪念版  
  - 厂商指导价：23.38万元  
  - 直降：1.9万元  
  - 现价：21.48万元  
  - 现车充足  

致电商家，获取更多优惠信息！  

**车辆评测**  
外观线条美观、棱角分明，体态优美且大气。本人选择了釉金色，街上不常见，显得有点土豪气质。后部略有溜背，类似CC车型。  

内饰布局合理、用料精致，镀铬出风口显得档次高，操作按键人性化，仪表指针与显示清晰。空间满意，轴距长，前后空间宽敞，后备箱特别大，可放婴儿车等。  

动力方面，加速有推背感，提速灵敏，市区驾驶顺畅，高速驾驶沉稳。操控扎实，底盘精准，转向精准，让驾驶更有信心，路面反馈到位。  

信息来源：南昌信息员000。提及搜狐汽车，您将享受更优质的服务。  

声明：此价格为经销商个体行为，不代表全部经销商。由于市场价格变化多端，文中所报价格仅供参考。  

查看更多降价信息，请访问搜狐汽车南昌站降价栏目首页。",augmented_v3,14,prompt_3
如何看待2017年北京高考文科状元熊轩昂的发言？当被问到“你是否相信知识能改变命运”时，熊轩昂回答说，高考是一场阶层分化的考试，农村地区的考生越来越难考进。自己来自中产家庭，出生在北京，享有这座大城市的教育资源，使得学习过程中能走许多捷径。他观察到，许多状元的家庭背景都相当强大且有能力。因此，拥有知识并不一定能改变命运，而缺乏知识也不一定会让命运无法改变。前段时间我看到一本叫《北京折叠》的小说，虽然没读过，却觉得书名与自己的感受不谋而合。或许这正是我想表达的——“割裂的北京”。我和朋友们以“实习工作”之名，实际上在首都做了类似社会实践的短暂时光。这个年轻人正是把社会分裂中某一阶层优秀青年的真实想法呈现出来。大多数回应都在感叹，这孩子虽小却很通透。其实，答案的主角们并未真正理解其深层含义。,augmented_v1,15,prompt_1
请问如何评价2017年北京高考文科状元熊轩昂的言论？当被问及是否相信知识可以改变命运时，熊轩昂回答称高考具有阶层性。由于农村地区的考生越来越难考进，自己来自中产家庭，在北京成长，能够享受到大城市的教育资源，这决定了他在学习中能够走捷径。如今许多状元都是来自实力雄厚的家庭，他认为拥有知识并不一定能改变命运，而没有知识则一定无法改变命运。此前有一本名为《北京折叠》的小说，我并未阅读，只是看到书名，觉得与自己的感受不谋而合。其意在于“割裂的北京”。我与好友们以“实习工作”之名，实则类似社会实践，在首都度过了一段不短的时间。该年轻人实际上表达了在分裂社会中，某一阶级优秀青年代表群体的真实内心感受。大多数回应者都感慨：‘啊呀，这个孩子这么小却如此通透’。实际上，大多数回答者并未真正理解。,augmented_v2,15,prompt_2
"如何看待2017年北京高考文科状元熊轩昂的言论？  
在被问到“是否相信知识可以改变命运”时，熊轩昂回答：高考是阶层性的考试，农村地区越来越难考出来。他是中产家庭的孩子，出生在北京，享受大城市的教育资源，这决定了他在学习时能走很多捷径。  
他看到现在很多状元都是家里有实力的人，因此认为：有知识不一定能改变命运，但没有知识一定改变不了命运。  

前一段时间，有一本小说叫《北京折叠》。我并没有看这本小说，只是看到书名，感觉恰好契合，让我笑了一声。  
我想说的是：割裂的北京。  
我和我的好朋友们，美其名曰实习工作，实则类似社会实践，在首都呆了一段时间。  
这个年轻人说出了割裂社会里某一阶级优秀青年代表群的内心真实感受。  
大部分答案都在感慨：“啊呀，这个小孩这么小其实很通透啊。”  
其实倒不如说，大部分答案的答主并没有…",augmented_v3,15,prompt_3
身为广州人，我十分惭愧，竟然不知烈士陵园内设有广东革命历史博物馆。若非偶然发现，恐怕一直不知道何时何地会有此处。门票免费，广州这点好，许多公园和部分博物馆皆可免费入内，走到别的城市却未曾享受过类似待遇。建筑为中庭大厅，环绕回廊，两层圆顶。它原是清末广东咨议局。辛亥革命后，广东人民在此召开会议，宣告反清独立。1921年5月5日，孙中山在此就任临时大总统并举行宣誓就职。1925年9月底，成为中国国民党中央党部所在地。国民党第二次全国代表大会、第三次全国劳动大会等重要会议亦在此召开，毛泽东主编《政治周报》曾在此办公，谭延闿、李富春主持的中国国民党政治讲习班以及何香凝主办的中国国民党妇女运动讲习班亦在此授课。它是大革命时期的重要革命旧址。馆内以广东人民革命斗争史为主线，展示从鸦片战争至全国解放期间，广东人民为民族独立与解放所进行的英勇斗争，尤其聚焦第一次国内革命战争时期。另一个值得推荐的爱国主义教育基地。,augmented_v1,16,prompt_1
我深感惭愧，作为广州人竟然不曾知晓烈士陵园内设有广东革命历史博物馆，若非偶然发现，实在难以想象何时何月会得知此地。门票免费，广州在此方面具有优势，市内各大公园及部分博物馆均可免费入内，而在其他城市则未曾体验过类似待遇。该建筑为中间大厅、环绕回廊、两层圆顶的结构，原为清末广东咨议局。辛亥革命后，广东人民在此召开大会，宣布反清独立；1921年5月5日，孙中山在此就任非常大总统，并举行宣誓就职典礼；1925年9月底，该馆成为中国国民党中央党部所在地。国民党第二次全国代表大会、第三次全国劳动大会等重要会议亦在此召开，毛泽东主编《政治周报》期间亦在此办公；谭延闿、李富春主办的中国国民党政治讲习班及何香凝主办的中国国民党妇女运动讲习班亦在此授课。该馆是大革命时期的重要革命旧址，陈列以广东人民革命斗争史为主，介绍自鸦片战争至全国解放期间，广东人民为民族独立与解放所作的英勇斗争，重点聚焦第一次国内革命战争时期。此处亦为值得推荐的爱国主义教育基地。,augmented_v2,16,prompt_2
作为广州人，我感到非常惭愧，竟然不知道烈士陵园内设有广东革命历史博物馆。若不是偶然发现，我根本不知道何时会看到这里。门票免费，这也是广州的优势之一。广州的各大公园和部分博物馆都可以免费入内，而在其他城市却难以享受同样待遇。博物馆建筑是一座中间大厅、两层圆顶、环绕回廊的建筑。它原本是清末的广东咨议局。辛亥革命后，广东人民在此召开大会，宣布反清独立。1921年5月5日，孙中山在此宣誓就职，成为临时大总统。1925年9月底，该建筑成为中国国民党中央党部所在地。国民党第二次全国代表大会、第三次全国劳动大会等重要会议都在此召开。毛泽东在此办公，主编《政治周报》；谭延闿、李富春主办的中国国民党政治讲习班，以及何香凝主办的中国国民党妇女运动讲习班也在此上课。它是大革命时期的重要革命旧址。馆内以广东人民革命斗争史为主线，展示从鸦片战争到全国解放期间，广东人民为民族独立解放所进行的英勇斗争。其中重点介绍第一次国内革命战争时期。它是一个值得推荐的爱国主义教育基地。,augmented_v3,16,prompt_3
这家酒店真的很棒，果然是悦榕庄！名声不负其名，务必入住那套豪华的水月阁，床对面就有加热按摩池，浪漫得让人心醉。西餐厅的套餐同样精彩，提拉米苏尤为诱人。酒吧的名字也颇具品味，叫酒仙白云。中餐厅的东坡肉更是不可错过。入住时，销售部的刘小姐和丁总监提供了极大帮助，值得表扬。,augmented_v1,17,prompt_1
本酒店非常优质，果然是悦榕庄。名不虚传，务必入住豪华水月阁。床对面设有加温按摩池，浪漫至极。西餐厅套餐亦十分出色，尤以提拉米苏为佳，味道堪称人间美味。酒吧名为酒仙白云，别具品味。中餐厅的东坡肉更是精彩纷呈。入住期间，销售部的刘小姐与丁总监热情周到，竭诚为我们服务，值得表扬。,augmented_v2,17,prompt_2
这家酒店非常好，果然是悦榕庄，名不虚传。我们一定要住豪华水月阁，床的对面就是一个加温的按摩池，简直太浪漫。西餐厅的套餐也非常出色，尤其是提拉米苏，真是人间美味。酒吧名字也很有腔调，叫酒仙白云。中餐厅的东坡肉更是值得推荐。我们入住时，销售部的刘小姐和丁总监都非常热心，值得表扬！,augmented_v3,17,prompt_3
"7月20日晨间点评：API、白银、天然气、原油与沥青的分析与操作策略。  
时间是我们行进的轨迹，行情是我们观察的对象，盈亏是我们品尝的滋味，得失是我们回味的余韵，经验是我们沉淀的底蕴，境界则是我们最终的成就。  
善于搏击者并不需要显赫战功；市场走势千变万化，唯有与时俱进、顺势而为，才能立于不败之地。  
一朵花不足以撑起春天，一己之力亦无法左右市场；只要在机会来临时踏上前往终点的列车，就能获得预期利润。  
没有人能回到过去重新起步，但每个人都可以从此刻开始，书写截然不同的结局。  

**原油技术分析**  
回顾昨日行情：原油小幅高开，亚欧盘相对平稳，在小区间内震荡，至美盘原油出现大幅波动，触及310线后迅速回落至昨日低点附近，再次反弹。整体来看，作者金赢先锋认为空头仍占优势，建议以高位做空为主，低位做多为辅。持有多单的朋友可在关键支撑位附近加仓，待行情回调后解套；做单者请严格止损，做好风险控制。技术面上，四小时图显示布林带整体向下，上轨与中轨拐头下行，下轨相对平稳，K线价格在中轨下方窄幅震荡并受压制。MACD在零轴下形成死叉并继续向下，绿柱持续放量，RSI聚拢并拐头向上。综合来看，K线受中轨与前期高点强压，跌势强劲，但需警惕下轨支撑。金赢先锋预计油价将小幅回升后继续震荡下行。操作建议：以高位空单为主，低位多单为辅。  
**美原油操作建议**  
1. 45.7美元附近进场做空，止损0.5美元，目标44.8美元附近。  
2. 44.5美元附近进场做多，止损0.5美元，目标45.5美元附近。  

**天然气行情分析**  
日线：均线系统逐步下行，布林带张口扩大，行情运行在下轨上方。MACD快慢线下行发散，绿柱缩量，KDJ拐头向上，三线逐渐聚拢形成金叉。  
四小时图：5日均线拐头下行与10日均线粘合，布林带张口趋平，行情运行在中轨下方。MACD快慢线粘合运行，红柱缩量，KDJ死叉下行发散。  
**天然气操作建议**  
1. 未破5060附近进空单，止损40点，目标4900，破位持有。  
2. 未破4880附近进多单，止损40点，目标5050，破位持有。  

**青西大宗天然气操作建议**  
1. 首见4470附近进多单，止损40点，目标5620，破位持有。  
2. 预期下破4450时进空单，止损40点，目标4350，破位持有。  

**白银行情分析**  
日线：连续三根阴线收盘，5日均线下穿10日均线，布林带张口向下，行情运行在上轨下方。四小时图：K线运行在中轨下方，小时布林带张口向下，KDJ处于超买区，四小时收线未破中轨，可布局空单。关注4135附近支撑，周线支撑在4100附近，短期压力在4220-4230区间。金盘先锋预计将出现下行补跌，继续做空为主。当前价格接近4220-4230时，激进者可直接做空。  
**白银操作建议**  
1. 4220附近进空单，止损30点，目标4150-4160。  
2. 4140附近进多单，止损30点，目标4180-4210。  
3. 市场瞬息万变，实时交易请随时联系本人。  

**今日重点关注财经数据与事件**  
2016年7月20日周三14:00 德国6月PPI月率16:00 欧元区5月季调后经常帐（亿欧元）16:30 英国6月失业率 英国6月失业金申请人数（万人） 英国5月三个月ILO失业率17:00 瑞士7月ZEW投资者信心指数22:00 美国至7月15日当周EIA原油库存（万桶）  

无论是实盘还是模拟，初学者还是老手，套单、亏损或爆仓，请保持良好心态，尊重市场，跟随我的思路，让你在投资中重拾信心，展现风采。我们不追求一日翻仓，也不求一夜暴富，只求稳健盈利、落袋为安。稳健给单，诚信做人！  
想在投资中获利，绝无捷径，唯有像苦行僧般每日勤奋学习，勤于积累，更多交流。除了提供投资经验与学习方法，更希望能结识志同道合的朋友，一起研究、战胜行情。祝各位投资者摆脱散户永远输钱的宿命，也期待为投资者提供更好的机遇与策略。  
如需了解更多原油、沥青、天然气、豆油、贵金属等投资、交易手法、操作技巧以及K线等知识，可关注或添加微信：ZDLJ028，微信公众号：jaykuaixun01。现货快讯之家（长按复制）欢迎交流学习。  
另外，我想强调：点位到位就行动，点位未到就观望。做单需要勇气，持单更需勇气！成功不是靠运气，选择才是决定性因素！你赢我陪你君临天下，你输我陪你东山再起。",augmented_v1,18,prompt_1
"7月20日早间市场评析

一、总体思路  
时间见证了行情，盈亏交替，经验沉淀，境界升华。善于经营者不必刻意追求战功。市场走势千变万化，需与时俱进，顺势而为，方能立足。  
只要在机会出现时抓住目标，便可获得预期利润。过去无法重来，但从现在起每个人都可以书写截然不同的结局。

二、原油技术分析  
1. 昨日行情回顾  
原油昨日小幅高开，亚欧盘相对平稳，在小区间内震荡；美盘期间原油价格大幅波动，上方触及310一线后快速回落至昨日低点附近，再度反弹。  
2. 走势判断  
作者金赢先锋认为后市空头仍占优势，建议以高位做空为主，低位做多为辅。持有多单的投资者可在关键支撑位附近加仓，待行情回调后平仓；做单者请严格止损，做好风险控制。  
3. 技术面  
四小时图显示布林带整体向下运行，上轨与中轨拐头向下，下轨相对走缓。K线价格在布林带中轨下方窄幅震荡并受压制。MACD指标在零轴下形成死叉并继续向下；绿色动能柱仍放量；RSI指标聚拢并拐头向上。综合来看，价格受布林带中轨与前期高点强力压制，下行势头强劲，但需警惕下轨强力支撑。预计油价将小幅回升后再震荡下行。  
4. 操作建议  
- 空单：建议在45.7美元附近进场，止损0.5美元，目标在44.8美元附近。  
- 多单：建议在44.5美元附近进场，止损0.5美元，目标在45.5美元附近。

三、天然气行情分析  
1. 日线  
均线系统逐渐下行，布林带张口扩大，行情运行于布林下轨上方。MACD快慢线下行发散，绿柱持续缩量，KDJ指标拐头向上，三线逐渐聚拢形成金叉。  
2. 四小时  
5日均线拐头向下与10日均线粘合，布林带张口走平，行情运行在布林带中轨下方。MACD快慢线粘合运行，红色能量柱缩量，KDJ指标死叉下行发散。  
3. 操作建议  
- 未破5060附近空单进场，止损40点，目标4900；若破位则持有。  
- 未破4880附近多单进场，止损40点，目标5050；若破位则持有。  
- 青西大宗天然气：  
  ① 首见4470附近多单进场，止损40点，目标5620；若破位则持有。  
  ② 破4450则空单进场，止损40点，目标4350；若破位则持有。

四、白银行情分析  
1. 日线  
日线连收三根阴线，5日均线下穿10日均线，布林带张口向下，行情运行在布林带上轨下方。  
2. 四小时  
K线运行于布林带中轨下方，小时线布林带张口向下，KDJ指标处于超买区。四小时收线未破布林带中轨，可布局空单。下方关注4135附近支撑，周线支撑在4100附近，短期压力在4220-4230区间。  
3. 操作建议  
- 空单：建议在4220附近进场，止损30点，目标4150-4160。  
- 多单：建议在4140附近进场，止损30点，目标4180-4210。  
- 市场瞬息万变，实时交易请及时与本人沟通。

五、今日重点财经数据与事件（2016年7月20日）  
- 14:00 德国6月PPI月率  
- 16:00 欧元区5月季调后经常帐（亿欧元）  
- 16:30 英国6月失业率、英国6月失业金申请人数（万人）  
- 17:00 瑞士7月ZEW投资者信心指数  
- 22:00 美国至7月15日当周EIA原油库存（万桶）  

六、投资建议与心态  
无论是实盘还是模拟、初学者还是老手，套单、亏损或爆仓都请保持良好心态，尊重市场，跟随我的思路，重拾信心，展现风采。我们不追求一日翻仓或一夜暴富，而是稳健盈利，落袋为安。  
想在投资中获利，没有捷径，唯有像苦行僧般每日认真学习、勤于积累。更多交流可通过微信ZDLJ028或公众号jaykuaixun01获取原油、沥青、天然气、豆油、贵金属等投资、交易手法、操作技巧及K线等知识。  
投资最重要的是：点位到达即行动，点位未到则观望；做单需要勇气，持单更需勇气。成功并非靠运气，选择决定一切。若您愿意与我共赴市场之旅，欢迎加入。",augmented_v2,18,prompt_2
"7.20早评：API、白银、天然气、原油、沥青的分析与操作策略，走过的是时间，看到的是行情，尝试的是盈亏，回味的是得失，沉淀的是经验，成就的是境界。善战者无须赫赫战功，市场走势千变万化，唯有与时俱进、跟随趋势，方能立足。

一朵鲜花撑不起美丽的春天，同样一个人的力量也无法改变市场走势。只需在机会来临时踏上通往终点的列车，即可获得所需利润。没有人能回到过去重新开始，但所有人都可以从现在起，书写全然不同的结局。

原油技术分析  
回顾昨日行情：原油昨日小幅高开，亚欧盘行情相对平稳，在小区间内来回震荡；至美盘时，原油行情大幅波动，上方触及310一线后快速回落至昨日低点附近，随后再度反弹。整体来看，金赢先锋认为后续原油空头仍占优势。建议以高位做空为主，低多为辅。持有多单的朋友可在关键支撑位附近加仓，待行情回调后解套；做单者请严格止损，做好风险控制。

技术面上，四小时走势图显示布林带整体向下运行，上轨和中轨拐头向下，下轨相对走缓。K线价格在布林带中轨下方窄幅震荡并受压制。MACD指标在零轴下方形成死叉并继续向下运行，绿色动能柱仍在放量，RSI指标聚拢并拐头向上。综合来看，K线价格受布林带中轨和前期高点强力压制，下行势头强劲，但需警惕下轨强力支撑。金赢先锋预计油价将小幅回升后再震荡下行。操作建议以高空为主，低多为辅。

美原油操作建议  
1. 在45.7美元附近空单进场，止损0.5美元，目标看44.8美元附近。  
2. 在44.5美元附近多单进场，止损0.5美元，目标看45.5美元附近。

天然气行情分析  
日线方面，均线系统逐渐下行，布林带张口扩大，行情运行于布林下轨上方。MACD快慢线下行发散，绿柱持续缩量，KDJ指标拐头向上，三线逐渐聚拢形成金叉。四小时图方面，5日均线拐头向下与10日均线粘合，布林带张口走平，行情运行在布林带中轨下方。MACD快慢线粘合运行，红色能量柱缩量，KDJ指标死叉下行发散。

天然气操作建议  
1. 未破5060附近空单进场，止损40点，目标4900，破位持有。  
2. 未破4880附近多单进场，止损40点，目标5050，破位持有。

青西大宗天然气操作建议  
1. 首见4470附近多单进场，止损40点，目标5620，破位持有。  
2. 意外下破4450空单进场，止损40点，目标4350，破位持有。

白银行情分析  
从日线图来看，日线连收三根阴线，5日均线有下穿10日均线之势，布林带张口向下，行情运行在布林带上轨下方。四小时图显示K线运行于布林带中轨下方，小时线布林带张口向下，KDJ指标运行于超买区。四小时收线不破布林带中轨压力，可布局空单，下方关注4135附近支撑。周线支撑在4100附近，短期压力在4220-4230区间。金盘先锋预计缠绕下行补跌，继续反弹做空为主。当前白银价格接近4220-4230附近，激进者可直接做空。

白银操作建议  
1. 建议4220附近空单进场，止损30点，目标4150-4160。  
2. 建议4140附近多单进场，止损30点，目标4180-4210。  
3. 行情瞬息万变，实时做单请联系本人。

今日重点关注财经数据与事件  
- 2016年7月20日周三14:00 德国6月PPI月率16:00  
- 欧元区5月季调后经常帐(亿欧元)16:30  
- 英国6月失业率 英国6月失业金申请人数(万人)17:00  
- 瑞士7月ZEW投资者信心指数22:00  
- 美国至7月15日当周EIA原油库存(万桶)

无论你是做实盘、模拟、还是新手、老手，套单、亏损、还是爆仓，都请你调整好心态，尊重市场，跟随我的思路，让你在投资市场重拾信心，展现风采。我们不求一天翻仓，也不求一夜暴富，只求稳健盈利、落袋为安。稳健给单，诚信做人！

想在投资中获利，真的没有捷径，只有像苦行僧一样，每日认真作功课，勤于积累，更多交流。除了提供投资经验及学习方法，更希望能找到志同道合的朋友，一起努力研究、战胜行情。祝各路投资者摆脱散户永远输钱的宿命。也希望有更好的机遇为投资者提供良策。

如需了解更多原油、沥青、天然气、豆油、贵金属等投资、交易手法、操作技巧以及K线等知识，可关注或添加微信：ZDLJ028，微信公众号：jaykuaixun01。现货快讯之家（长按可复制）进行交流学习。

另外，我还要说：做投资最重要的一点是：点位到了就干！点位不到就看。做单需要勇气，持单更需勇气。成功不是靠运气，选择大于努力！你赢我陪你君临天下，你输我陪你东山再起。",augmented_v3,18,prompt_3
这款沐浴露的香气我很喜欢。,augmented_v1,19,prompt_1
我非常喜欢这款沐浴露的香味。,augmented_v2,19,prompt_2
我很喜欢这沐浴露的香味。,augmented_v3,19,prompt_3
正中之变（日语：しょうちゅうの へん）发生在镰仓时代后期，元亨四年九月（西历1333年9月），是一场未遂政变。后醍醐天皇策划的讨幕计划被先行发现，首谋者被幕府处置。虽然当年12月9日才改元为正中元年，但史书仍称之为正中之变。自元亨元年（1321年）起，后醍醐天皇便取代父亲后宇多法皇亲政，致力恢复庄园券契的记录。后宇多法皇临终时下诏，因皇太子邦良亲王为大觉寺统嫡流（邦良之父为后醍醐天皇兄长后二条天皇），后醍醐天皇终将不得不让位给邦良亲王。元亨四年六月，法皇刚去世，邦良亲王立即前往镰仓，企图逼迫后醍醐天皇让位并寻求幕府支持。持明院统也以邦良亲王即位后，量仁亲王接任皇太子为条件支持其主张（依据之前文保和谈约定），于是镰仓幕府决定以后按此准则决定皇位继承。然而后醍醐天皇期望最终能按自己的想法施政，得知自己只是过渡性天皇后，除了原本就反感的邦良亲王和持明院统，也对幕府决定强烈反弹。于是后醍醐天皇计划趁六波罗探题南方・大佛维贞前往镰仓的时机讨幕，派侧近日野资朝和日野俊基等人巡回各国，号召各地武士和实权派起兵勤王讨幕。当时恶党活动正从几内向各地扩散，奥州安藤氏之乱加剧，北条得宗家正焦头烂额。后醍醐天皇本想利用当时政局不稳，将承久之乱后皇家倒幕计划付诸实施。然而9月19日计划被六波罗探题知悉。土岐赖员和多治见国长虽秘密上洛，却被幕府派人追捕，双方在四条附近激战，最终二人被逼自尽。六波罗的追查波及朝廷，资朝・俊基等人被治罪，押解至镰仓。资朝被判流放佐渡岛，俊基被赦免归京但随后被禁足。另一方面，后醍醐天皇派侧近万里小路宣房携解释信前往镰仓，说明自己与此事无关，因而免于处罚。军记物语《太平记》第一卷记述了正中之变的细节：倒幕的秘密会议以无礼讲（不拘身份的宴会）名义进行。参与计划的土岐赖员某夜把计划泄露给妻子，其岳父斋藤利行正是六波罗探题的奉行，倒幕计划因此败露。西大寺律宗僧人亦参与倒幕。建武新政期间担任役职的伊贺兼光和律僧文观亦被认为参与了密谋。,augmented_v1,20,prompt_1
正中之变（日语：しょうちゅうの へん）是镰仓时代后期，1333年9月发生的一次未遂政变。后醍醐天皇想要推倒幕府，但他的计划被提前发现，主谋被幕府铲除。虽然那年12月9日才改元为正中元年，但历史上还是叫正中之变。后醍醐天皇从1321年开始，取代父亲后宇多法皇亲政，想把庄园契约恢复。后宇多法皇临终时下令，因皇太子邦良亲王是大觉寺的继承人（邦良的父亲是后醍醐天皇的兄长——二条天皇），后醍醐天皇迟早要把位让给邦良。元亨四年六月，法皇刚去世，邦良亲王立刻去镰仓求幕府支持逼迫后醍醐让位。持明院也以邦良即位后，量仁亲王接任皇太子为条件支持他，按此幕府决定未来皇位继承。后醍醐天皇却想按自己的想法治理，发现自己只是过渡天皇后，既不喜欢邦良也不满意幕府的决定，结果强烈反抗。于是他计划趁六波罗探题去南方、大佛维贞时去镰仓讨幕，派日野资朝、日野俊基等人巡回各国，号召武士和实权派起兵支持。此时恶党活动从几内扩散，奥州的安藤氏之乱也在加剧，北条得宗家正忙得团团转。后醍醐天皇想利用这时局不稳，把承久之乱后一直想倒幕的计划付诸实施。可在9月19日被六波罗探题知道。土岐赖员和多治见国长秘密上洛，却被幕府抓捕，四条附近激战，最终两人逼自尽。六波罗的追查波及朝廷，资朝、俊基被判罪，押到镰仓。资朝被流放佐渡岛，俊基被赦免回京，但之后被禁足。另一方面，后醍醐天皇派万里小路宣房带信去镰仓，说明自己跟这事无关，免了处罚。军记物语《太平记》第一卷记载正中之变细节：倒幕的秘密会议以无礼讲（不拘身份的宴会）为名举行。土岐赖员某夜把计划泄给妻子，岳父斋藤利行是六波罗探题的奉行，倒幕计划因此失败。西大寺律宗僧人也参与，建武新政期间的伊贺兼光和律僧文观也被认为参与了密谋。,augmented_v2,20,prompt_2
正中之变（日语：しょうちゅうの へん）是镰仓时代后期元亨四年（西历1333年）九月发生的一次未遂政变。该政变源于后醍醐天皇策划的讨幕计划，计划在事先被发现后，幕府便对首谋者进行处置。虽然当年十二月九日才改元为正中元年，但根据习惯，史书仍称之为正中之变。后醍醐天皇自元亨元年（1321年）起，取代父亲后宇多法皇亲政，并致力于恢复庄园券契等制度。后宇多法皇临终时下令，因皇太子邦良亲王为大觉寺统嫡流（其父为后醍醐天皇兄长后二条天皇），后醍醐天皇必须让位于邦良亲王。元亨四年六月，法皇驾崩，邦良亲王立即前往镰仓，寻求幕府支持以逼迫后醍醐让位。持明院统亦以邦良亲王即位后，量仁亲王接任皇太子为条件支持其主张，镰仓幕府据此决定未来的皇位继承准则。后醍醐天皇原本期望按自己的想法施政，然而得知自己仅是过渡性天皇后，对邦良亲王和持明院统以及幕府决定均强烈反弹。于是他计划在六波罗探题南方・大佛维贞前往镰仓的时机讨幕，派侧近野资朝、日野俊基等人巡回诸国，号召各地武士和实权派起兵勤王讨幕。此时，恶党活动已从几内向各地扩散，奥州的安藤氏之乱加剧，北条得宗家正焦头烂额。后醍醐天皇试图利用当时政局不稳，将承久之乱之后的倒幕计划付诸实施。然而九月十九日，计划被六波罗探题知悉。尽管土岐赖员和多治见国长秘密上洛，却被幕府派人搜捕，双方在四条附近激战，最终二人被逼自尽。六波罗的追查波及朝廷，资朝、俊基等人被处罪并押解至镰仓；资朝被判流放佐渡岛，俊基被赦免归京但随后被禁足。另一方面，后醍醐天皇派侧近万里小路宣房携解释信前往镰仓，说明自己与此事无关，因而免于责罚。军记物语《太平记》第一卷记述了正中之变的细节：倒幕的秘密会议以无礼讲（不拘身份的宴会）的名义进行。参与计划的土岐赖员在某一夜将计划泄露给妻子，其岳父斋藤利行正是六波罗探题的奉行，倒幕计划因而流产。西大寺的律宗僧人亦参与倒幕，建武新政期间担任役职的伊贺兼光和律僧文观也被认为参与了密谋。,augmented_v3,20,prompt_3
辘轳首是一种长颈妖怪，曾在日本江户时代广为流传，常以女性形象出现，其显著特征是脖子可随意伸缩，类似于井边用来提水的辘轳把，因而得名“辘轳首”。关于长颈妖怪的记载可见于干宝的《搜神记》，这部晋代奇闻录中提到南方的“落头氏”，即此妖怪的原型，又称“飞头蛮”。但与辘轳首不同，飞头蛮的整颗头会从脖子与身体完全分离。长颈妖怪按其精神自主性大致分为两类：一类能随意意念行动，自由飞翔；另一类则无法控制漂移，处于无意识状态下漂浮。能够随意行动的长颈妖怪会潜入住宅，抓住正在睡眠的人并用尖锐牙齿啃咬致死，甚至可聚集多只共同作案。由于其头部与身体常常分离，脖子上常缠有红丝线，因而流传禁忌“见到脖子缠红线的女子，千万不要娶”，其根源在于担心妻子可能是长颈妖怪的化身。有些人并未意识到自己是长颈妖怪，因无意识状态下受某种外力驱使，白天看似与常人无异，夜幕降临后，当众人入睡时，妖怪的真面目才会显现。首先脖子会突然伸长，随后头部与身体彻底分离，随后再重新结合，醒来后又恢复正常。本人往往不记得妖怪形态出现时的情景或所做之事。 《日本妖怪奇谭》ISBN 9787224085297,augmented_v1,21,prompt_1
辘轳首是长颈妖怪的一种，流传于日本江户时代，通常以女性形象出现，其特征为脖子可随意伸缩。其名称源于与井边汲水时使用的辘轳把在功能上相似。关于长颈妖怪的记载可见干宝所著《搜神记》，该书为晋代著名奇谭异闻录，其中提及南方的“落头氏”一族，亦称“飞头蛮”，其特征与辘轳首不同。辘轳首的脖子会突然伸长，但并非如飞头蛮般，头部与身体彻底分离。长颈妖怪可按精神自主性分为两类：一类能随意意念游走、自由飞翔；另一类则无法控制漂移，处于无意识状态下浮游。能够随意游走的长颈妖怪会潜入民宅，勒住正在睡眠中的人，用尖锐牙齿啃蚀其体，甚至可集体行动。由于其头部与身体常常分离，脖部常缠红丝线，因而当地流传禁忌“见到脖子缠红线的女子，千万不要娶”，其原因在于担心娶进门的妻子可能是长颈妖怪的化身。部分人并未意识到自己即为长颈妖怪，因无意识状态下受外力驱使，白天外表与常人无异，夜间入梦后才显妖怪真面目。其表现为脖子突然伸长，随后头部与身体彻底分离，随后再重新结合，清晨醒来后恢复正常。本人往往不记得妖怪形态时所见所作。参考书籍：《日本妖怪奇谭》ISBN 9787224085297,augmented_v2,21,prompt_2
"辘轳首是日本江户时代流传甚广的一种长颈妖怪，通常以女性形象出现。它的脖子可以伸缩自如，类似于井边打水时控制汲水吊桶的辘轳把，因此被称为“辘轳首”。  

与长颈妖怪相关的记载见于干宝的《搜神记》，该书是中国晋代著名的奇谭异闻录。书中提到南方的“落头氏”一族，亦称“飞头蛮”，是这种妖怪的原型。飞头蛮与辘轳首不同：它的整颗头会从脖子与身体彻底分离，而辘轳首的脖子只是突然伸长。  

长颈妖怪按精神自主性可分为两类：  
1. 可随意意念游走、自由飞翔的妖怪。它们会潜入民宅，勒毙正在睡眠的人，用尖锐牙齿啃蚀对方，甚至可集体行动。  
2. 无法控制漂移方向、处于无意识状态下浮游的妖怪。  

由于长颈妖怪常常头部与身体分离，脖子处常缠红丝线，地方上流传不成文禁忌：“看到脖子缠红线的女人千万不能娶”，因为担心娶进门的妻子可能是长颈妖怪的化身。  

有些人并不自知自己是长颈妖怪，白天看似与常人无异，夜晚进入梦乡时才显露真面目：先是脖子突然伸长，随后头部与身体彻底分离，随后又重新结合。醒来后则像正常人一样行动，往往不记得妖怪形态时的所见所为。  

《日本妖怪奇谭》ISBN 9787224085297",augmented_v3,21,prompt_3
"算命结果极差，我该如何迎接未来？一位香港师父给我算了八字，竟说我接下来会倒霉二十年！我才二十多岁，人生还值得过吗？他建议我最好呆在家里默默工作。第一次在问答社区提问，竟有这么多人回答，我真是太开心了！大家的回答都非常有帮助、启发人心，至少今天还是个幸运日。

这两天收到了这么多回复，题主简直感动得流泪。回答循循善诱，一针见血，极大激励了我，改变了许多想法！我现在懂了：天道酬勤，改变人生就是先改变自己！我一定会保存所有答案，迷茫时翻阅，绝对比市面上的励志书籍更实用几百倍。说实话，我想提一下《了凡四训》，但看到有人已经说了，另外《太上感应篇》也太神秘不太可信，我就不再多说。本人也初步了解过算命，感觉各派之间并不能完美共存，bug很多，基本不可信。民间低水平的算命师也接触过，没什么好说。我的做法是只听自己觉得好的，坏的就随风去吧。",augmented_v1,22,prompt_1
我最近得到一位来自香港的师父为我算命，结果显示我未来将经历二十年的不顺。虽然我才二十岁，仍感到对未来失去信心。师父建议我最好在家默默工作。第一次在问答社区发帖就收到这么多人回复，我感到非常高兴。大家的回答既有帮助又具有启发性，让我意识到今天依然是幸运的一天。过去几天的众多回答让我深受感动，循循善诱，一针见血，极大激励了我，改变了许多想法。如今我明白，天道酬勤，改变人生即是改变自己。我一定会保存大家的答案，在迷茫时翻阅，深信它们比市面上的励志教材更有价值。坦诚地说，我曾想讨论《了凡四训》，但看到有人已经提及《太上感应篇》，又因其神秘色彩不易让人信服，于是决定不再讨论。经过初步了解算命知识，我发现各派之间并不完全兼容，存在许多缺陷，基本上不可靠。我也曾接触过民间低水平的大师，但并不值得推荐。我的方案是只听取对自己有益的意见，忽略不利的预言，让它们随风而去。,augmented_v2,22,prompt_2
"算命结果非常不好，我该如何面对接下来的人生？  
一个香港师父给我算八字后说，我接下来会倒腾二十年霉运！我才二十出头，人生还有什么意义？他建议我最好呆在家里默默工作。  

第一次在问答社区提问，竟然收到了这么多人回答，我好开心！大家的回答都很有帮助、很启发，至少今天还是个 lucky day。  
这两天收到这么多回答，我简直感动不已：循循善诱、一针见血，十分激励我，改变了许多想法。  

现在我懂了：天道酬勤，改变人生就是改变自己！我一定会把大家的答案保存下来，迷茫时拿出来读读，绝对比市面上的励志教材有用几百倍。  

说实话，我本想聊一下《了凡四训》，结果进来就看到有人已经提到了，太上感应篇又神神鬼鬼，难以让人相信，所以就不说那些了。  
我自己也初步了解过算命知识，感觉各派并不能完美共容，bug 很多，基本就不可信。民间低水平大师也接触过，滋滋滋不说了。  

所以我的方案是：只听那些说自己好的，坏的就让它随风去吧。",augmented_v3,22,prompt_3
电视剧《白鹿原》为何在播出首集后就停播？原本计划于4月16日首播，但仅播出一集后便中止。书中还出现了一段抨击党的言论：你用列宁的理论把我归为贵族并不为过。列宁的主张是号召穷人起来推翻富人，消灭富人，结果是富人被消灭了，穷人仍旧贫困。兆鹏在白鹿原学习苏俄，鼓动穷汉推翻财东，结果怎样？本来是名副其实的农协主任鹿黑娃，最终沦为土匪，带领土匪抢夺银元，砍倒了我的爷爷，砸断了嘉轩叔的腰椎。作为农协主任未能完成的目标，变成土匪后却轻易实现。你说我还能相信还能再次加入共产党吗？如果黑娃们无法完成共产党的革命，能当土匪，那我就不行了。,augmented_v1,23,prompt_1
电视剧《白鹿原》为何在播出一期后即停播？原定于4月16日首播，然而仅播出一集后便被中止。书中有一段批评黑党的言论：用列宁主义来定性我为贵族并不为过。列宁的主张是动员穷人推翻富人，消灭富人，结果是富人被消灭，但穷人仍旧处于贫困。兆鹏在《白鹿原》中借苏俄理论煽动穷人推翻财东，结果却是：原本担任农协主任的鹿黑娃沦为土匪，带领土匪抢夺银元，甚至砍断我父亲的腰杆，砸碎嘉轩叔的腰杆，达成了农协主任未能实现的目标。于是我质问自己，是否还能相信并再次加入共产党？如果黑娃们无法成为共产党的革命者，却能成为土匪，我又该如何抉择？,augmented_v2,23,prompt_2
电视剧《白鹿原》为什么在播出一集后停播？原定于4月16日首播，但只播出一集后就停播。书里补充了一段黑我党的言论：“你用列宁的理论判我为贵族并不过分。”列宁把穷人煽动起来，打倒富人并消灭富人，结果是富人被消灭，穷人仍然受穷。兆鹏学习苏俄，在《白鹿原》上煽动穷汉打倒财东，结果呢？堂堂的农协主任鹿黑娃堕落成土匪，带着土匪抢银元，刀劈了俺爷，又砸断了嘉轩叔的腰杆子。作为农协主任未能达到的目的，成为土匪却轻而易举地达到了。你问我还能信还能再入共产党吗？黑娃们干不成共产党的革命可以当土匪，我可不行呀。,augmented_v3,23,prompt_3
不管是孩童还是成年人都钟爱这本书，插图精美，阅读时感受尤为强烈,augmented_v1,24,prompt_1
这本书无论是儿童还是成人都很喜爱，画面优美，阅读时也能感受到浓厚的情绪。,augmented_v2,24,prompt_2
这本书无论是孩子还是大人都喜欢。画面很美，读起来也很有感觉。,augmented_v3,24,prompt_3
上门殴打逼迫脱衣 小小年纪实在狠【概要】宿松高二女生因寻衅滋事被判七个月刑本报讯（袁勇奇乔剑）由于不满前男友与他人交往，一名高二女生多次殴打情敌，并与另一女子合谋拍摄对方裸照。近日，邓某与杨某被宿松法院以寻衅滋事罪分别判处有期徒刑七个月、六个月。今年16岁的邓某是高二学生，2014年间，邓某得知被害人何某与其前男友吴某恋爱后，便对何某心生怨恨。10月中旬，邓某两次殴打何某，造成何某轻微伤。11月3日，邓某与朋友杨某一起闯入何某的房间。进去后，邓某先后用网线、伸缩棍等物品殴打何某，杨某亦用伸缩棍攻击何某。为发泄怨气，邓某逼迫何某脱光衣服，喝烟叶泡水，并用竹签刺其胸部，用衣架刺其下体。随后，邓某、杨某将何某带至杨某的出租屋继续殴打，并用饮料瓶、电视机底座刺伤，甚至刮其体毛。接着，邓某又把何某带回何某的房间继续殴打并拍下何某裸照。9时左右，邓某等人离开何某住处。经安徽省宿松县公安司法鉴定中心鉴定，何某的伤势为轻微伤。宿松县人民法院审理后认为，邓某、杨某随意殴打他人，情节恶劣，已构成寻衅滋事罪。邓某当时未满十八周岁，应从轻处罚。,augmented_v1,25,prompt_1
宿松县有个高二女生邓某，16岁，跟前男友吵架后，对前男友的新女友何某产生了怨恨。她两次打了何某，导致何某轻伤。后来她和朋友杨某一起闯进何某房间，继续殴打，甚至逼迫何某脱光衣服、喝烟叶泡水，还用竹签刺胸、衣架捅下体。之后两人把何某拖到杨某的出租屋继续打，拿饮料瓶、电视机底座捅她，还刮她体毛。随后又把何某带回她自己的房间继续打，甚至拍下她的裸照。警方调查后，何某的伤势被评为轻伤。宿松县法院认定邓某和杨某的行为构成寻衅滋事，分别判处有期徒刑七个月和六个月。邓某当时未满18岁，法院从轻处罚。,augmented_v2,25,prompt_2
宿松高二女生因不满前男友与他人恋爱，多次殴打情敌并逼迫其脱衣，甚至拍下裸照。近日，邓某和杨某因寻衅滋事罪分别被判有期徒刑七个月和六个月。邓某16岁，2014年得知被害人何某与前男友吴某恋爱后，产生怨恨。10月中旬，他两次殴打何某，致其轻微伤。11月3日，邓某与朋友杨某闯入何某房间，用网线、伸缩棍等物品殴打他人。邓某逼迫何某脱光衣服，喝烟叶泡水，并用竹签刺胸、衣架刺下体。随后，他们将何某带到杨某的出租屋继续殴打，用饮料瓶、电视机底座捅击，甚至刮其体毛。随后又把何某带回何某房间继续殴打并拍下裸照。凌晨9时左右，邓某等人离开何某住处。经安徽省宿松县公安司法鉴定中心鉴定，何某损伤为轻微伤。宿松县人民法院认为邓某、杨某随意殴打他人，情节恶劣，已构成寻衅滋事罪。由于邓某未满十八周岁，法院从轻处罚。,augmented_v3,25,prompt_3
正宗的法国小甜点，尤其是马卡龙，如果你不习惯西式甜品，最好不要抱太大期望。可以改为尝试各式小糕点，相比之下一定会更合你口味。,augmented_v1,26,prompt_1
法国正宗的小点心，尤其是马卡龙，如果您不习惯西式甜点，建议不要抱有过高期望。您可以改为品尝各类小糕点，相对而言，您一定会更喜欢。,augmented_v2,26,prompt_2
地道的法国小点心，尤其是马卡龙，值得一试。但如果你不习惯西式点心，最好不要抱太大期待。可以改为品尝各类小糕点，相比之下你一定会更喜欢。,augmented_v3,26,prompt_3
书的发行间隔太久，而且同类型的书一次性出版，导致一团糟。之前几本的内容已经忘得一干二净，连不上上下文。下次如果能出更厚的单行本就好了，虽然价格稍高也无妨，但真是折磨人。,augmented_v1,27,prompt_1
书籍发行间隔过长，而且同类书籍一次性上市导致阅读混乱，之前几本的内容已被遗忘，难以衔接。下次若能推出更厚的单行本，而非一次性全部发行，那就更好。价格稍高也无妨，毕竟太折磨人了。,augmented_v2,27,prompt_2
书的发行间隔太长，且同类型书籍一次性出版，导致阅读混乱。之前几本的内容已经忘记，无法衔接。下次如果能一次性出版更厚的单行本就好了。价格可以稍高一点，但这太折磨人了。,augmented_v3,27,prompt_3
我觉得翻译基本没什么大问题，读起来也不生硬，内容非常好，一翻开就想一次性读完。,augmented_v1,28,prompt_1
我认为翻译没有明显问题，语句流畅，内容非常喜欢，翻开时就有想一次性读完的冲动。,augmented_v2,28,prompt_2
翻译上没有大问题，感觉不生涩。我很喜欢内容，翻开就想一口气看完。,augmented_v3,28,prompt_3
位置优越，面积宽广，多座楼宇相连，容易迷路，但工作人员热情，管理相当到位。餐厅常客满座，空间过于宽敞。交通便利，品种繁多，偶遇明星。,augmented_v1,29,prompt_1
该地点地理位置优越，面积广阔，数座楼宇相互连通，常有游客迷路，但工作人员热心周到，管理也相当到位。然而，餐厅往往客流量大，规模庞大。交通便利，品种繁多，偶有明星光临。,augmented_v2,29,prompt_2
这家餐厅地理位置优越，交通十分便利。建筑面积很大，由好几座楼相连，空间宽敞，但由于面积庞大，常常会走失。服务员非常热心，管理也比较到位。餐厅人气旺盛，常常人满为患，规模庞大。菜品种类繁多，还能遇见明星。,augmented_v3,29,prompt_3
醉酒男子胡闹，丑态连连[高清版]醉酒男子胡闹，丑态连连[高清版],augmented_v1,30,prompt_1
醉酒男子胡闹，丑态百出（高清版）,augmented_v2,30,prompt_2
醉汉撒野，丑态百出（高清版）。醉汉撒野，丑态百出（高清版）。,augmented_v3,30,prompt_3
如何鉴赏单一麦芽威士忌？在剁手节期间，我在天喵上购买了一瓶本利亚克（Benriach）经典斯佩塞之心，顺丰送达后立刻开瓶试饮。第一口感觉相对平淡，几乎没有强烈的消毒水味，也未能察觉泥煤或烟熏的痕迹，入口顺滑，远不如之前喝的调和威士忌那般浓烈。由于我对单一麦芽还属初学者，味觉体验有限，想请问需要喝多少瓶单一麦芽才能分辨出其细微差别？本利亚克的品牌口碑如何？斯佩塞出产的单一麦芽是否更轻盈，适合入门？关于品酒技巧，可参考“如何品尝威士忌”的答案。- 镜阳秋的回答 若想对常见的单一麦芽品牌有一个大致了解，可参考“单一麦芽威士忌有哪些推荐？”的答案。如果想更深入探索，仍需理论与实践相结合。单纯多喝容易走弯路，甚至产生主观误解。关于相关书籍和视频的推荐，请查看答案“学习关于红酒与威士忌等知识有哪些资料（书籍视频）推荐？”- 镜阳秋的回答 关于Benriach：这是一家非常优秀的经典斯佩塞蒸馏厂，以富……,augmented_v1,31,prompt_1
"我在剁手节期间购买了一瓶本利亚克（Benriach）经典斯佩塞之心威士忌，并通过顺丰快递及时送达后立即开瓶品尝。品尝后发现其口感相对平淡，没有明显的消毒水味，也未能感受到泥煤或烟熏味，入口顺畅，程度不如之前尝试的调和威士忌那般强烈。作为威士忌爱好者的新手，我尚未有机会品尝过单一麦芽威士忌，也对其风味缺乏深入了解。

请问：  
1) 需要饮用多少单一麦芽威士忌才能分辨其内部风味？  
2) 本利亚克品牌的口碑如何？  
3) 斯佩塞出产的单一麦芽威士忌是否相对口味轻盈，适合入门？  
4) 如何品尝威士忌？请参阅《如何品尝威士忌》一文。

若想了解常见单一麦芽威士忌品牌，可参考《单一麦芽威士忌有哪些推荐？》。若想深入学习，建议结合理论与实践，避免走弯路或产生主观误解。有关红酒与威士忌等知识的书籍与视频资料，请参见《学习关于红酒与威士忌等知识有哪些资料（书籍视频）推荐？》。

关于本利亚克：它是一家非常优秀的经典斯佩塞蒸馏厂，以其卓越的酿造工艺和高质量的原料闻名。",augmented_v2,31,prompt_2
"单一麦芽威士忌怎么品鉴？  
剁手节天喵买了一瓶本利亚克Benriach经典斯佩塞之心。它一路顺丰送达，我立刻开瓶品尝。第一口味道比较平淡，没有强烈的消毒水味，也没有泥煤味或烟熏。入口十分顺畅，远没有之前喝调和威士忌时那般强烈。  

本人小白，味蕾没感受过单一麦芽，不甚了解。请问该喝多少单一麦芽威士忌才能分辨出里面的味道？本利亚克这个牌子的口碑怎么样？斯佩塞出的单一麦芽是不是口味较轻，易于入门的？如何品尝威士忌请参见答案《如何品尝威士忌》。  

- 镜阳秋的回答：如果想大致了解一些常见的单一麦芽威士忌品牌，可以参考答案《单一麦芽威士忌有哪些推荐？》。如果您想“玩得”更深入，理论与实践相结合非常重要。单靠多喝容易走弯路，甚至产生主观错误认识。相关参考书请见答案《学习关于红酒与威士忌等知识有哪些资料（书籍视频）推荐？》。  

- 镜阳秋的回答：关于Benriach：非常优秀的经典斯佩塞蒸馏厂，以富。",augmented_v3,31,prompt_3
怎样看待张艺兴对直男的吸引力？身为迷妹的我发现，周围那些挑剔的直男，甚至包括男朋友，都承认他长相英俊、气质迷人。据说他的男性粉丝在茶蛋里占比最高，发布会现场粉丝高呼“我爱你，张艺兴”，跟拍狗仔也真诚赞叹，甚至地铁里的大叔亲吻他的海报，更别提圈内的大哥小伙伴们。张艺兴以讨人喜欢著称，但究竟为何能如此吸引直男呢？是因为他的外貌还是气质？我终于有机会来探讨这个问题！毕竟我一直读文科，平时很少接触男性。学工处的老师们检查卫生时，有位男老师看到我的台历，举起来说：“这位小鲜肉叫什么来着？”旁边的老师和同学，以及我回答：“张艺兴。”男老师又说：“对！这孩子特别好，特别单纯，面相看起来很朴实。非常适合做男朋友，如果我是老丈人，我也会喜欢这样的女婿。”随后他又分析了张艺兴的面相。,augmented_v1,32,prompt_1
如何评价张艺兴对直男的吸引力？作为一名迷妹，我注意到周围所有挑剔的直男，甚至包括我的男朋友，都承认他很帅且有好感。据说他的男性粉丝在茶蛋里最多，发布会时男粉丝大喊“我爱你张艺兴”，跟拍的狗仔也真心夸赞，甚至地铁里的叔叔也喜欢他的海报，更不用说圈内的哥哥和伙伴们。张艺兴以讨人喜欢著称，但究竟原因何在？（请把直男这一点放在重点）是因为他的外貌还是气质？我终于可以回答这个问题了！毕竟我一直在文科专业学习，平时很少接触男性。学工处的老师们来检查卫生！有一位男老师看到我的日历，举起来说：“这位小鲜肉叫什么来着？”旁边的其他老师、同学以及我回答：“张艺兴。”那位男老师说：“对！这孩子特别好，特别单纯，面相看上去很朴实。非常适合当男朋友，如果我是老丈人，我也会喜欢这样的女婿。”随后他继续分析了老张的面相。,augmented_v2,32,prompt_2
"如何评价张艺兴对直男的吸引力？我是一名迷妹，身边所有挑剔的直男，甚至包括我的男票，都承认他很帅并对他产生好感。有人说他的男粉丝在茶蛋中最多，发布会上男粉大喊“我爱你张艺兴”，跟拍狗仔也真诚地夸赞。甚至连地铁大叔都亲吻他的海报，更不用说圈内的兄弟姐妹们了。张艺兴以讨人喜欢著称，但这究竟是因为他的长相还是气质？我终于可以来回答这个问题了！毕竟我一直念文科，平时很少接触男人。

学工处的老师们来检查卫生时，有位男老师看到我的台历，举起来说：“这是那个小鲜肉叫什么来着？”旁边的老师和同学，以及我，都说：“张艺兴。”男老师继续说：“啊，对！这孩子特别好，特别单纯，面相看上去很朴实。特别适合当男朋友，如果我是老丈人，我也会喜欢这样的女婿。”随后他又分析了一段关于老张的面相。",augmented_v3,32,prompt_3
这本书与它的盛名有些不符。因为新版已经上市，我原本想给老版评两星，觉得与众多好评相比，它确实不够突出。但仔细想想，书中仍有一定的可读价值，于是先给它三星。整本书我用了一个月的时间读完。最先印象是，科维和其他西方作家一样，擅长把一些陈旧的观点重新包装，构建模型并提升到理论层面，等于是老酒装新瓶。比如“双赢”以及把事务按重要性和紧急性划分为四个区间，这些都已是老掉牙的概念。不过，科维在总结和归纳方面的能力仍值得肯定。关于翻译，我原以为译文相当不错，至少读起来很贴切流畅。但对某个词的翻译让我开始怀疑整本书的准确性。‘inside‑out’被译成了‘反求诸己’，但‘反求诸己’实际上对应的是‘outside‑in’。我没有读过原著，也没有动力去读，但在看到这个错误后，我不得不对翻译的整体准确性产生疑问。还有一些译文过于中国化，以我对原著和翻译的经验来看，实在令人难以置信。当然，整个框架从‘dependence’到‘independence’再到‘interdependence’，确实给人耳目一新的感觉。最后谈谈书名《高效人士的七个习惯》：其实它不只是针对高效人士，更像是为追求平衡生活或幸福生活的人提供指南，因为全书贯穿了对心灵和自我价值的重新定义。若书名改为《幸福人生的七个习惯》，恐怕销量不会那么好。,augmented_v1,33,prompt_1
这本书与其盛名不相符。原先对旧版的评价，我本想给两星，因为与众多好评相比，内容确实未达预期。但考虑到其一定的可读性，最终给了三星。用一个月的时间通读完毕。首先，我觉得科维与其他西方作者类似，擅长将一些相对陈旧的论点包装成模型，并提升到理论层面，实质上是老酒装新瓶。例如，双赢、将事务按重要度和紧急度划分为四个区间等，都是老掉牙的理论。然而，科维的总结归纳能力仍值得肯定。关于翻译，我原以为翻译质量不错，至少读起来贴切流畅。但对某个词的翻译让我对整书的准确性产生怀疑。'inside-out'被译为“反求诸己”，但“反求诸己”本应对应“outside-in”。我未读过原著，也没有动力去读，但在看到这个词后，我不得不怀疑翻译的准确程度。有些翻译过于“中化”，根据我对原著及翻译的经验，实在令人难以置信。当然，整个框架从“dependence”到“independence”，再到“interdependence”，确实给人耳目一新。最后，书名《高效人士的七个习惯》其实不如说是为追求平衡生活或幸福生活的人而写，因为全文传达了对心灵和自我价值的重新定义。如果书名改为《幸福人生的七个习惯》，可能销量不会那么好。,augmented_v2,33,prompt_2
这本书与盛名不符。原先我打算给老版两星，毕竟新版出现后，我更想表达这本书并不配得上热烈的好评。然而，仔细阅读后我发现它仍有一定可读性，于是先给了三星。用一个月的时间，我把整本书读完。首先，我觉得Covey像其他西方作者一样，擅长把旧的论点包装成新的模型，提升到理论层次，简直是老酒装新瓶。例如，双赢、将事务按重要度和紧急度划分为四个区间，这些都已是陈旧理论。尽管如此，我仍要肯定Covey的总结归纳能力。关于翻译，我一开始认为翻得相当不错，至少读起来贴切流畅。然而，看到“inside‑out”被翻成“反求诸己”，却与其原意“outside‑in”相反，让我对整书翻译的准确性产生怀疑。我并未读过原著，也无意去读，但这个错误让我不得不重新审视翻译质量。更有一些翻译过于中国化，以我对原著和翻译的经验来看，令人难以置信。框架上，从dependence 到 independence，再到 interdependence，整个理论结构确实耳目一新。最后，书名《高效人士的七个习惯》不如说是面向追求平衡或幸福生活的人，因为文章贯穿了对心灵与自我价值的重新定义。如果书名改为《幸福人生的七个习惯》，或许销量就不会那么好。,augmented_v3,33,prompt_3
"本周（3月23日至27日）黄金价格一路攀升，前四个交易日均出现涨幅，加之上周的上涨势头，金价连续七个交易日走高，创下自2012年8月以来最长的升势。然而，周末的涨幅略有放缓。金价的持续上扬受到多重因素驱动，未来走势仍需投资者重点关注这些变量。下周（3月30日至4月3日）投资者应留意中东局势的最新动态；重点关注美联储政策动向，尤其是下周五公布的美国非农就业数据；同时关注实物黄金买盘的变化；对希腊债务问题亦需保持关注。

中东局势仍不明朗，金价因避险需求而受益。阿拉伯地区冲突再度升温，全球金融市场避险情绪蔓延。周三媒体报道称，沙特阿拉伯空袭也门胡塞武装，袭击了首都萨那周边及南部军事基地。随即，沙特、阿联酋、卡塔尔、科威特、巴林等海湾合作组织五国发布联合声明，表示将按哈迪的请求组建联盟干预也门局势。受避险情绪提振，现货金价大幅上涨。Price Futures Group的Phil Flynn指出，市场往往在类似事件初期作出强烈反应，随后在深入评估风险后会从长远角度考量其影响。德国商业银行商品分析师Daniel Briesemann则认为，若中东局势未见好转，金价可能继续走强；若局势改善，金价可能跌破1,200美元。立博塔斯财富管理集团的Adam Koos强调，地缘政治因素虽能短期波动价格，但美元才是投资者应关注的核心。若美元底部已被打开，黄金价格几乎肯定会进一步上涨；若美元重回上行，金价涨势难以持续。

美联储加息担忧减弱，美元回落为金价提供支撑，投资者最需关注美联储动态与美国经济数据。市场对美联储至少在9月前不再加息的预期增强。华尔街主要银行的调查显示，普遍预期联储在至少9月前不会升息。美联储副主席费希尔表示，市场“广泛预期”联储今年将开始升息，但政策路径仍不明朗。Logic Advisors的Bill O'Neill认为，费希尔讲话后的金价上涨是短期因素，可能巩固了上周美联储的声明，短期内不太可能升息。花旗的David Wilson指出，所有看空金市的投资者对6月升息的期望已破灭，市场关注点将转向下一次升息的时间。

总体来看，美国近期公布的经济数据疲软为金价提供一定支撑。本周美国2月耐用品订单意外下滑，降幅1.4%，金价随之上涨，显示加息可能性降低。美国四季度GDP终值数据也低于预期，年化增速为2.2%（预期2.4%）。下周美国非农就业报告将至。CMC市场的Colin Cieszynski指出，黄金价格近期上涨的主要推动力是欧洲央行的量化宽松计划。欧洲央行行长德拉基的发言显示该计划进展顺利，对金价构成支持。新德里交易顾问企业英西格尼亚的Chintan Karnani认为，交易员正在寻找做空黄金和白银的机会，未被说服其价格将持续上涨。奥塔维斯特世界贸易公司的Erik Gebhard强调，未来一周交易员将关注下周五的非农就业报告和下周一的核心个人消费物价指数，因就业与通胀是联储决策的关键指标。

实物黄金买盘持续减少，避险支撑难以持久。本周实物黄金需求下降，表明基金和亚洲投资者对黄金兴趣减弱，暗示后市支撑有限。贵金属交易商MKS在报告中指出，亚洲实货黄金需求在当前价格水平下已不再支撑市场；当金价在1,145-1,155美元区间时，亚洲需求曾起到支撑作用。实货需求放缓受到金价上涨拖累，中国黄金溢价从上周的6-7美元降至约2-3美元。中国是全球第二大黄金消费国。全球最大黄金ETF SPDR Gold Trust 的持仓持续流出，显示投资者对金价升势保持谨慎。

希腊债务问题仍然是市场关注焦点，尽管市场对希腊能否达成援助协议的乐观情绪暂时未能进一步提振金价，希腊的不安情绪对欧元的压制有限。RBS Securities的美国公债策略师Ed Atkins认为，市场对希腊仍非常关注，虽然不安情绪高涨，但对希腊能与债权人找到解决办法仍持乐观态度。希腊政府已向债权人提交改革措施清单，希腊官员表示，欧盟与IMF团队将从周五晚些时候开始讨论，评估预计于周六完成。若获批准并得到欧元区财政部长同意，希腊将获得下一轮援助，避免破产风险。GoldCore的董事Mark O'Byrne指出，担心希腊债务危机可能再次爆发，黄金将因此获得持续支撑。希腊现金快速枯竭，退出欧元区、重启德拉克马的风险日益加剧。",augmented_v1,34,prompt_1
"金价又飙升，连涨七天，创下2012年8月以来最长的上涨周期。上周四个交易日金价一路走高，连同本周前四天的涨势，金价连升七天，虽然周末的涨幅略有放缓。整体来看，金价的涨势受多重因素支撑，投资者仍需关注这些变量。

下周（3月30日至4月3日）要重点留意中东局势的最新动态；同时关注美联储的政策走向，尤其是下周五公布的美国非农就业数据；再看看实物黄金的买盘变化；另外希腊债务问题也值得关注。中东局势依旧扑朔迷离，金价受避险需求拉升，投资者得继续跟进事态发展。

最近，沙特阿拉伯对也门胡塞武装实施空袭，随后沙特、阿联酋、卡塔尔、科威特、巴林等海湾合作组织成员国联合声明，将在哈迪的请求下组成联盟干预也门。此举进一步提升了避险情绪，金价在这种背景下大幅走高。Price Futures Group的分析师Phil Flynn表示，市场对类似事件的反应往往很强烈，但在进一步研究风险后，人们会更长远地看待其影响。德国商业银行商品分析师Daniel Briesemann则认为，如果中东局势没有好转，金价可能继续走强；若出现改善，金价可能跌破1200美元。立博塔斯财富管理集团总裁Adam Koos则指出，地缘政治因素虽能带来短期波动，但美元才是投资者真正关注的。如果美元出现下跌的陷阱，黄金价格很可能大幅上涨；若美元重新走强，金价的涨势可能停滞。

美联储加息的担忧放缓，美元回落也为金价提供支撑。市场对美联储至少在9月前不会加息的预期增强。华尔街主要银行普遍预期联储在9月前不会加息。美联储副主席费希尔称，市场“广泛预期”联储今年会加息，但政策路径仍不明朗。Logic Advisors的合伙人Bill O'Neill认为，费希尔讲话后金价的短期上涨可能是对美联储上周声明的巩固，他认为短期内不会加息。花旗分析师David Wilson则说，所有看空金市的投资者对6月加息的期望破灭后，市场将更多关注下一次加息的时间。

美国近期公布的经济数据整体疲软，也为金价提供了一定支撑。本周美国2月耐用品订单意外下滑，金价因此得到支撑。美国商务部报告称，2月份季节性调整后的耐用品订单下降1.4%，金价继续攀升。令人失望的经济数据降低了近期加息的可能性。本周美国四季度GDP终值数据也不及预期，实际GDP年化月率增长2.2%，低于预期的2.4%。

下周美国非农就业报告即将发布。CMC市场首席市场策略师Colin Cieszynski表示，黄金价格过去几周上涨的主要推动因素是欧洲央行的量化宽松项目。欧洲央行行长德拉基的发言显示，该项目进展顺利，对金价有支持作用。新德里交易顾问企业英西格尼亚首席市场分析师Chintan Karnani认为，交易员们在寻找做空黄金和白银的机会，未被说服金银价格能持续上涨。奥塔维斯特世界贸易公司联合创始人Erik Gebhard指出，未来一周交易员将关注下周五的非农就业报告和下周一的2月核心个人消费物价指数，强调就业和通胀数据是联储决策的关键指标。

实物金买盘持续减少，避险支撑难以持久。本周实物黄金买盘不断下降，表明基金投资者和亚洲投资者对黄金兴趣减弱，也凸显金价后市或难有重大支撑。贵金属交易商MKS在报告中指出，亚洲实货黄金需求在金价处于1145-1155美元左右时曾支撑市场，但本周需求放缓，受金价上涨拖累。中国黄金溢价降至约2-3美元，周一为6-7美元。中国是全球第二大黄金消费国。全球最大黄金ETF SPDR Gold Trust 的持仓也持续流出，显示投资者对金价升势保持谨慎。

希腊债务问题仍是市场关注点，尽管市场对希腊最终达成援助协议的乐观情绪暂未给金价带来进一步支撑。希腊方面的不安情绪对欧元的打压有限。RBS Securities美国公债策略师Ed Atkins表示，市场对希腊仍非常关注，虽然不安情绪高涨，但对希腊能与债权人找到解决办法仍保持乐观。希腊政府官员称已向债权人发送改革措施清单，希腊希望通过2015年实现的小规模预算盈余承诺换取急需的现金注入。欧盟和国际货币基金组织团队将从周五晚些时候开始讨论这份清单，评估预计在周六完成。若获得批准并得到欧元区财政部长的同意，希腊将获得援助项目下一批款项，避免可能的破产局面。GoldCore公司董事Mark O’Byrne表示，担心希腊爆发债务危机将继续为黄金提供支撑，希腊债务问题的爆发似乎很快就会发生，国家迅速耗尽现金，并可能退出欧元区、重新启用德拉克马的风险在不断上升。",augmented_v2,34,prompt_2
"本周（3月23日-3月27日）黄金价格一路飙升。前四个交易日均上涨，连同上周的升势，金价已连续七个交易日上涨，创下2012年8月以来最长升势。然而，本周最后一个交易日的升势有所放缓。金价持续上涨受到多重因素影响，投资者仍需重点关注这些因素，以判断未来走势。

下周（3月30日-4月3日）投资者需关注以下几个重点：

1. 中东局势的最新进展。阿拉伯世界纷争再起，沙特阿拉伯对也门胡塞反政府武装实施空袭，随后沙特、阿联酋、卡塔尔、科威特、巴林五国发表联合声明，表示在哈迪请求下组成联盟干预也门局势。此类事件往往在短期内激发避险情绪，金价随之走高。Price Futures Group分析师Phil Flynn指出，市场对类似事件的即时反应往往强烈，但在进一步研究风险后，人们会从长远角度评估其影响。德国商业银行商品分析师Daniel Briesemann认为，如果中东局势未见好转，金价可能进一步走强；若局势改善，金价可能跌破1,200美元。立博塔斯财富管理集团总裁Adam Koos则强调，美元是投资者关注的核心；若美元走弱，黄金价格可能大幅上涨；若美元回升，金价涨势可能难以持续。

2. 美联储动态。美联储加息忧虑放缓，美元回落支撑金价。华尔街主要银行普遍预期联储至少在9月前不会升息。美联储副主席费希尔称市场“广泛预期”联储将在今年开始升息，但政策路径仍不明朗。Logic Advisors合伙人Bill O'Neill认为，费希尔讲话后现货金短期内不太可能升息。花旗分析师David Wilson指出，市场对6月升息希望破灭，现将焦点转向下一次升息时间。

3. 美国经济数据。近来美国公布的经济数据整体疲软，对金价形成支撑。2月耐用品订单意外下滑（季节性调整后下降1.4%），金价随之攀升；4季度GDP终值年化月率增长2.2%，低于预期。下周美国非农就业报告将进一步影响金价。

4. 其他因素。欧洲央行的量化宽松项目仍为金价提供支持。新德里交易顾问企业英西格尼亚的首席市场分析师Chintan Karnani认为，交易员正寻找做空黄金和白银的机会，未被持续涨势说服。奥塔维斯特世界贸易公司的联合创始人Erik Gebhard强调，交易员将关注下周五的非农就业报告及下周一的2月核心PPI。

5. 实物黄金买盘。实物黄金买盘持续减少，基金投资人及亚洲投资人对黄金兴趣降低，显示金价后市或难有重大支撑。MKS交易商指出，亚洲实货黄金需求已不再像之前那样支撑市场。中国黄金溢价降至约2-3美元，显示需求放缓。全球最大黄金ETF SPDR Gold Trust 持仓亦持续流出，投资人对金价升势保持谨慎。

6. 希腊债务问题。希腊政府已向债权人发送改革措施清单，欧盟和IMF团队将从周五晚些时候开始讨论。若获得批准并得到欧元区财政部长同意，希腊将获得援助，避免破产局面。然而，GoldCore公司董事Mark O’Byrne担忧希腊债务危机可能爆发，黄金将继续受此潜在因素支撑。希腊债务问题的爆发看似迫在眉睫，国家现金快速消耗，退出欧元区、重新启用德拉克马的风险日益增大。",augmented_v3,34,prompt_3
二十岁这个年纪，应该读哪些书？我现在正值二十岁，正在上大学，虽然很喜欢阅读，但读了一段时间后却有些迷茫，因为我不确定在这个阶段该看哪些书。大学毕业后我计划出国留学，期间会有一年的间隔。那一年，除了旅游，最重要的事就是把家里和父亲办公室里的几排书都读完。结果让我大开眼界，头脑也变得异常清晰。那时我并没有挑选固定类型的书，除了家人特别推荐的，便按书架摆放的顺序，一本一本、排排地读。许多书读完后容易忘记，但有三本我一定要推荐。NO.1 稻盛和夫《活法》——在读这本书之前，先了解一下稻盛和夫是谁。稻盛和夫是日本四大经营圣之一，松下公司的创始人，索尼公司的创始人。,augmented_v1,35,prompt_1
二十岁时应阅读哪些书籍？目前我正值二十岁，在读大学，热爱阅读，但在读过若干书后仍感到迷茫，因为我不确定在这个年龄阶段应读哪些书。大学毕业后，我将赴海外留学，并安排了一年的间隔年。在这段期间，除了旅游，最重要的事是把家中以及父亲办公室的数架书籍全部读完。结果我发现，头脑异常清晰。那时我并未挑选固定类型的书籍，除了家人特别推荐的之外，都是按摆放顺序逐本、逐排阅读。许多书读完后会遗忘，但我确实想推荐三本。第一本是《稻盛和夫活法》——在阅读此书之前，务必了解稻盛和夫是谁。稻盛和夫是日本四大经营圣之一，松下电器的创始人，索尼公司的创始人之一。,augmented_v2,35,prompt_2
"二十岁这个年龄应该读什么书？  
我现在二十岁，在上大学，挺喜欢看书，但读过一些之后发现有些迷茫，因为我也不知道在这个年纪应该读哪些书。  
大学毕业后出国留学，我有一年的间隔年。那一年，除了旅游，最重要的事就是把我家和爸爸办公室几架子的书看完。  
然后，我的脑子竟然变得异常清晰。那时我没有固定的书单，除了家人特别推荐的书，我就是按摆放顺序一本一本、排排看。  
很多书看完后会忘，但有三本我一定要推荐。  
第一本：稻盛和夫《活法》。在读这本书之前，一定要先了解稻盛和夫是谁。稻盛和夫是日本四大经营之圣之一，松下公司的创始人，索尼公司的创始人之一。",augmented_v3,35,prompt_3
我常常在这家买包子当早餐，种类不少，口味也相当不错。肉包我觉得油份偏高，夏天吃起来略显油腻；菜包则相当合口。想换口味时，我会挑选豆沙包，里面的豆沙柔软，非常美味。圆形的包子也很受欢迎。至于糖糕，我觉得一般，既不是那种有洞洞的，也不是普通馒头，而是比一般馒头稍甜的那种。,augmented_v1,36,prompt_1
我经常购买这家店的包子作为早餐。该店的品种相当丰富，口味也相当不错。对于肉包，我个人觉得油量略多，夏天食用时略显腻。菜包等其他种类则相当不错。若想更换口味，我会选择豆沙包，内部豆沙柔软，味道极佳。圆形的包子尤为美味。至于糖糕，整体评价一般。它并非带有洞洞眼的那种，而是比普通馒头略甜的普通馒头。,augmented_v2,36,prompt_2
经常买这家的包子做早饭，品种很多，味道也不错。肉包油太多，夏天吃起来有点腻。菜包还不错。想换口味时会买豆沙包，里面的豆沙很软，非常好吃。圆形的包子也很好吃。至于糖糕，味道一般，不是那种洞洞眼的，而是比普通馒头稍甜的普通馒头。,augmented_v3,36,prompt_3
近日，网络上流传了一张冯小刚前妻张娣的照片，随后被众多网友转发，并登上了各大娱乐网站的娱乐版块。有人甚至评论说，张娣的气质不逊于现任妻子徐帆。张娣，原名张娣，是北京一家医院的护士。早年，冯小刚在北京城建开发总公司担任工会干事，偶然与前来公司探亲的张娣相识，便一见钟情，遂展开热烈追求，最终两人结为夫妻。冯小刚在自传《我把青春献给你》中提到，他与徐帆的相识始于1993年拍摄《大撒把》时，1999年两人喜结良缘，而张娣与冯小刚的婚姻也在1999年结束。张娣性格独立，得知丈夫与徐帆的恋情后，既不争吵也不抗拒，默默让两人继续在一起，使徐帆倍感痛苦。后来，张娣看到冯小刚难以回心转意，才同意离婚。这样一位充满个性的女子究竟长什么样？此前媒体并未报道过。下面让我们一起看看最近曝光的张娣近照。至于“气质不输徐帆”的说法，大家可以自行对比。冯小刚近期工作繁忙，一会儿拍电影，一会儿录节目，网友们对他的关注也无所不包，既关注作品，也关注个人生活。此前关于冯小刚与徐帆婚姻破裂、分居、离婚等传闻甚嚣尘上。近日，徐帆在《花样姐姐》节目发布会上被提及与前妻照片对比的事，徐帆回应说，没什么感觉，纯属网友玩笑而已。对她而言，这些小风波并无实质影响。冯小刚也对此作出澄清并调侃道：“我们让大家失望了。”【趣味测试：极度恐怖诡异的图片！一般人是看不出的】这张照片看似普通，却有不少诡异之处，你能发现几处？发现4处算观察力不错，6处很厉害，8处则很了不起，10处以上……嘿嘿！请问：这张照片有哪些恐怖诡异之处？,augmented_v1,37,prompt_1
近日，导演冯小刚事务繁忙，一方面负责电影制作，另一方面参与节目录制。网络上流传出一张冯小刚前妻张娣的照片，受到众多网友转发，并登上各大娱乐网站娱乐版块，评论称其“气质不输现任太太徐帆”。冯小刚的前妻张娣为北京某医院护士。冯小刚早年曾在北京城建开发总公司担任工会干事，偶然间与张娣相识并一见钟情，遂展开热烈追求，最终结为夫妻。冯小刚在其著作《我把青春献给你》中披露，他与徐帆于1993年拍摄《大撒把》时相识，1999年喜结良缘，而张娣则于1999年与他离婚。张娣性格独立，发现丈夫与徐帆恋情后不争不抢，默默让两人分离，直至冯小刚难以回心转意，遂同意离婚。此等性格女性外貌究竟如何？此前媒体未曾报道。以下为近日网络曝光的张娣近照。关于“气质不输现任太太徐帆”的说法，读者可自行比较。近日，冯小刚事务繁忙，兼顾电影与节目。网友们对其关注亦是全方位的，既关注其电影、节目，也关注其个人生活。此前亦有大量关于冯小刚与徐帆婚姻破裂、“分居门”“离婚门”等消息流传。徐帆近期在《花样姐姐》节目发布会上，回应网友将冯小刚前妻照片与她对比的行为。她表示对此无感，认为只是网友的玩笑。作为娱乐圈老将，这些小风波对她影响甚微。冯小刚亦对相关消息作出澄清，并调侃道：“我们让大家失望了”。【趣味测试：极度恐怖诡异的图片！一般人是看不出的】这张照片看似普通，实则有多处诡异之处，你能发现几处？发现四处者观察力尚可，六处者观察力强，八处者十分出色，十处以上则极为卓越。嘿嘿！请问：这张照片有何恐怖诡异之处？,augmented_v2,37,prompt_2
"冯小刚前妻张娣的照片最近在网络上曝光，网友们纷纷把她与现任太太徐帆做对比，并有人称“张娣不输徐帆”。这张照片最初在社交媒体被转发后，迅速登上了各大娱乐网站的娱乐版面。

张娣是北京一家医院的护士。冯小刚早年在北京城建开发总公司担任工会干事，偶然间与前来公司探亲的张娣相识。两人一见钟情，经过热烈追求，最终结为夫妻。根据冯小刚自传《我把青春献给你》记载，他与徐帆的相识始于1993年拍摄《大撒把》时，1999年两人喜结良缘，而张娣与冯小刚则在1999年离婚。

张娣性格独立，得知丈夫与徐帆的恋情后，她既不吵闹也不抗议，只是默默让两人继续。最终，在冯小刚难以回心转意的情况下，她同意离婚。如此有个性的女性究竟长什么样？此前媒体并未报道过，故此照片的曝光引起了不少关注。

近日，冯小刚导演忙于电影和节目制作，网友们对他的工作和个人生活同样关注。与此同时，关于他与徐帆婚姻破裂、分居、离婚的传闻也在社交网络上沸沸扬扬。徐帆在《花样姐姐》节目发布会上回应说，网友拿她与张娣对比只是开玩笑，对她影响不大。冯小刚也对这些消息作了解释，并调侃道：“我们让大家失望了”。

此外，一张看似普通却有多处诡异细节的照片也被网友放出，邀请大家进行观察。有人说能看到4处、6处、8处甚至10处恐怖诡异之处，挑战观众的观察力。",augmented_v3,37,prompt_3
自宝宝出生后，我一直信赖贝亲的品质并持续使用，效果不错，活动价也相当合理。,augmented_v1,38,prompt_1
我一直信赖贝亲的品质，自宝宝出生后就一直使用，效果不错，活动价格也相当可接受。,augmented_v2,38,prompt_2
我们一直信赖贝亲的品质，宝宝出生后也一直在使用，效果不错，活动价格也算可以接受。,augmented_v3,38,prompt_3
"新能源车项目申报2021年启动 新机遇或将出现  
科技部近日公布了《新能源汽车》试点专项2021年度项目申报指南，计划在六大技术方向启动19至38项新项目，预估国家拨付经费总额为11.2亿元。  
该指南涵盖动力电池与电池管理系统、电机驱动、汽车智能化等核心技术领域，显示国家期望本土企业能够自主研发并掌握这些关键技术，减少对外部技术的依赖。  
据悉，企业主导的项目必须自筹配套经费，配套经费与国家拨付经费的比例不得低于1:1。  

近期，经历“骗补”风波后，北京市经济和信息化委员会发布了《关于2016年北京市拟拨付第三批新能源汽车财政补助资金的公示》。  
2016年，北京市计划向第三批新能源汽车补贴共4726辆，金额为57329.451万元。与前两批相比，补贴总额仍有所提升。  
获得财政补助的企业包括：  
- 重庆长安汽车股份有限公司：84辆纯电动乘用车，补助378万元；  
- 北京汽车股份有限公司：2521辆纯电动乘用车，补助11346.5万元；1175辆纯电动专用车，补助6230.436万元；  
- 北汽福田汽车股份有限公司：814辆纯电动客车，补助37650万元；126辆纯电动专用车，补助1597.32万元；  
- 北京现代汽车有限公司：1辆纯电动乘用车，补助4.75万元；  
- 江苏九龙汽车制造有限公司：5辆纯电动客车，补助149.445万元。  
截至目前，三批补助共覆盖16700辆纯电动车，补助总额达139141.241万元。如此巨额资金，电动汽车企业难以想象。  

部分企业因“骗补”事件业绩受挫  
国内新能源汽车正经历一场大变局。9月份，财政部通报五家公司涉嫌恶意骗补，除了被追回中央财政预拨资金外，还将面临行政处罚和罚款。  
受此事件影响，9月新能源汽车市场增长速度骤降，产销量同比仅增长25.7%和43.8%。据中国汽车工业协会统计，9月新能源汽车产量4.3万辆，销量4.4万辆，增速明显放缓。  
受处罚的企业业绩亦大幅下滑，例如力帆新能源车9月产量仅99辆，同比下降45.0%。众多企业直接或间接损失上亿元利润，给行业造成沉重打击。  
有媒体披露，某上市公司2015年通过政府补贴获得68亿元，但净利润仅35亿元，补贴金额几乎是净利润的两倍。  

《电动汽车时代》评述  
此次严查骗补短期内会影响国内新能源汽车市场产销，这是不可避免的混乱局面，但必须整顿。纵容此类行为只会导致更严重后果。  
从长远看，这有利于国家新能源汽车产业的健康发展。国家对新能源汽车的扶持并未因此削弱，反而通过更严格、更透明的规则，真正补贴应得的企业。  

目前新能源乘用车行业渗透率仍低，但增速迅猛，潜力巨大。  
预计2016年全年渗透率不足2%，未来几年有望连续翻倍。根据工信部积分政策，2020年乘用车销量需达到3000万辆，对应新能源积分360万分，需生产约120万辆新能源车。  
最新发布的《新能源汽车》试点专项2021年度项目申报指南，将为国内新能源汽车行业带来新的市场机遇。  
总之，瞒天过海只能逍遥一时，真正做实事、掌握具有竞争力的核心技术，才是行业发展的关键。",augmented_v1,39,prompt_1
"新能源车2017项目申报已启动。科技部近日发布了《新能源汽车试点专项2017年度项目申报指南》，计划在六个技术方向内启动19至38个项目，国家拨款总额预计为11.2亿元。项目涵盖动力电池与电池管理系统、电机驱动以及汽车智能化等核心技术，旨在推动企业自主研发，降低对外部技术的依赖。根据规定，企业牵头项目须自筹配套经费，配套经费与国家拨款总额比例不得低于1：1。

与此同时，北京市经济和信息化委员会公布了《关于2016年北京市拟拨付第三批新能源汽车财政补助资金的公示》，第三批补助共涉及4726辆新能源汽车，拟拨付资金57329.451万元。与前两批相比，补助金额仍有增长。获得补助的企业包括重庆长安汽车股份有限公司、北京汽车股份有限公司、北汽福田汽车股份有限公司、北京现代汽车有限公司及江苏九龙汽车制造有限公司，共计补助金额约为139141.241万元，覆盖16700辆纯电动车。

然而，国内新能源汽车行业正面临重大变革。9月份，财政部通报五家公司涉嫌恶意骗补，相关企业将被追回中央财政预拨资金并处以行政罚款。此举导致新能源汽车市场增长速度显著下降，9月份产销量同比仅增长25.7%和43.8%。根据中国汽车工业协会数据，9月份新能源汽车产量为4.3万辆，销量为4.4万辆，均低于往年水平。受处罚影响，部分企业业绩大幅下滑，例如力帆新能源车9月份产量仅99辆，同比下降45.0%。多家企业因失去补贴而直接或间接损失上亿元利润，对行业造成重大冲击。

媒体披露，某上市公司2015年因政府补贴获得68亿元，净利润仅35亿元，补贴金额几乎是净利润的两倍。对此，《电动汽车时代》认为，虽然严查骗补短期内会影响产销，但从长远看有利于行业健康发展。国家对新能源汽车的支持不会因此大幅削弱，而是通过更严格的规则确保补贴惠及真正需要的企业。

截至目前，新能源乘用车行业渗透率仍低，增速高，市场空间巨大。预计2016年全年渗透率不足2%，未来几年有望连续翻倍增长。根据工信部积分政策，2020年乘用车销量目标为3000万辆，对应新能源积分360万分，需生产约120万辆新能源汽车。新发布的2017年度项目申报指南将为国内新能源汽车带来新的市场机遇。综上所述，短期内行业将面临调整，但坚持技术创新、掌握核心技术将是行业发展的关键。",augmented_v2,39,prompt_2
"新能源车2017项目申报指南已由科技部发布，计划在六大技术方向启动19至38个项目，国家拨款总额约为11.2亿元。项目涉及动力电池、电池管理系统、电机驱动以及汽车智能化等核心技术，旨在鼓励企业自主研发、减少对外技术的依赖。凡企业牵头的项目须自筹配套经费，配套经费与国拨经费总额比例不低于1:1。

在补贴方面，北京市经济和信息化委员会公布了2016年第三批新能源汽车财政补助资金公示。该批共涉及4726辆车辆，拟拨付资金57329.451万元，较前两批金额仍有增长。获得补助的企业包括：重庆长安汽车股份有限公司（84辆纯电动乘用车，补助378万元）；北京汽车股份有限公司（2521辆纯电动乘用车，补助11346.5万元；1175辆纯电动专用车，补助6230.436万元）；北汽福田汽车股份有限公司（814辆纯电动客车，补助37650万元；126辆纯电动专用车，补助1597.32万元）；北京现代汽车有限公司（1辆纯电动乘用车，补助4.75万元）；江苏九龙汽车制造有限公司（5辆纯电动客车，补助149.445万元）。截至目前，三批补助名单共覆盖16700辆纯电动车，补助资金总额达到139141.241万元。

然而，国内新能源汽车正经历大变局。9月份，财政部通报五家公司涉嫌恶意骗补，除了要追回中央财政预拨资金，还将受到行政处罚。骗补事件导致9月份新能源汽车市场增长速度大幅下滑，产销同比分别仅增长25.7%和43.8%。中国汽车工业协会数据显示，9月新能源汽车产量为4.3万辆，销量为4.4万辆。受处罚影响，部分企业业绩受到冲击，例如力帆新能源车9月份产量仅99辆，同比下降45.0%。许多企业直接或间接损失上亿元利润，给行业带来巨大打击。

网络上公布的《国内新能源汽车制造企业骗补违规谋补汇总表》涉及70多家车企，共计骗补及谋补车辆76374辆，合计金额92.7亿元人民币。国家多个部委自2016年1月底起联合展开调查，历时8个月后在9月公布了5家骗补企业名单，实际涉案企业可能更多。

虽然短期内严查骗补会影响国内新能源汽车市场产销，但从长期来看，有利于行业健康发展。国家对新能源汽车的扶持不会因此受到大幅影响，只是规则将更严格、透明，真正需要补贴的企业将得到支持。目前新能源乘用车行业渗透率低、增速高，空间巨大。预计2016年全年渗透率不足2%，未来几年有望连续翻倍。根据工信部积分政策要求，2020年乘用车销量按3000万辆，对应新能源积分360万分，需生产约120万辆车。2017年度试点专项项目申报指南的发布，将为国内新能源汽车带来新的市场机遇。总而言之，瞒天过海只能逍遥一时，真正做实事、掌握具有竞争力的核心技术，才是重中之重。",augmented_v3,39,prompt_3
亚洲互动传媒有限公司，简称亚洲互动传媒（股票代码2149.T，曾在东京证券交易所被除牌），于2002年在北京市创立了“北京宽视网络公司”，当时主要经营TVPG业务。该公司股份于2007年4月26日在东京证券交易所母体板上市。然而，原CEO崔建平未经董事会批准，擅自挪用公司资金，导致股价从2055日元骤降至5日元。结果，红杉资本、电通、JSAT、伊藤忠商事、NTT移动以及JCD等多家机构遭受重大损失。最终，东京证券交易所于2008年9月20日以“监管不符”决定将其除牌。,augmented_v1,40,prompt_1
亚洲互动传媒有限公司，简称亚洲互动传媒（在东京证券交易所除牌时代码2149.T），2002年在北京创办了北京宽视网络公司，主要做TVPG业务。2007年4月26日，公司股份在东京证券交易所母体板上市。可是原CEO崔建平没有得到董事会同意，私吞公司资金，导致股价从2055日元暴跌到5日元。结果，红杉资本、电通、JSAT、伊藤忠商事、NTT移动通讯和JCD等公司都损失了不少钱。2008年9月20日，东京证券交易所决定以“监察非表明”的方式将其除牌。,augmented_v2,40,prompt_2
亚洲互动传媒有限公司（股票代码2149.T，已于东京证券交易所除牌）成立于2002年，最初在北京市创办了「北京宽视网络公司」，主营TVPG业务。该公司股份于2007年4月26日在东京证券交易所母体板上市。随后，原首席执行官崔建平未经董事会批准，非法挪用资金，导致股价从2055日圆暴跌至5日圆。红杉资本、电通、JSAT、伊藤忠商事、NTT移动通讯公司及JCD公司等多家投资者因此蒙受重大损失。2008年9月20日，东京证券交易所以“监察非表明”决定将其除牌。,augmented_v3,40,prompt_3
涂完防晒霜后需要卸妆吗？卸妆水、卸妆乳和卸妆油之间有什么区别？我额头常常长痘，担心涂防晒会让痘痘更闷。下面说几个我用过的产品。韩束的30倍防晒乳不具备防水功能，当然不必卸。悦诗风吟的那款我刚买，因为它只含物理防晒剂，听说敏感肌不会过敏，所以买来试用，结果仍觉得不舒服。用洗面奶洗两遍也洗不掉。卸妆水需要先滴到化妆棉上再擦脸，天天这样卸，我总觉得会损伤角质层，让皮肤更敏感。卸妆油一碰水就容易乳化，所以手必须保持干燥，每次都要把手洗净甩干才能开始卸妆，实在不太愉快。因此我更喜欢卸妆膏或卸妆乳这类产品，至少可以摩擦去除。,augmented_v1,41,prompt_1
使用防晒霜后是否需要卸妆？卸妆水、卸妆乳、卸妆油之间有什么区别？我的额头出现痘痘，担心涂抹防晒后会导致痘痘加重。以下列举我使用过的产品。韩束晒美白30倍防晒乳不具备防水功能，当然不需要卸妆。悦诗风吟的产品我刚购买，因为它只含物理防晒剂，据说敏感肌肤不会过敏，但实际使用后仍感不适。洗面奶洗两遍仍无法彻底清除。卸妆水需要先倒在化妆棉上再擦脸，日常使用会让我觉得会损伤角质层，使皮肤更敏感。卸妆油一接触水就容易乳化，因此需要保持双手干燥，每次使用前都要洗净双手并甩干，才开始卸妆，过程并不愉快。因此，我更倾向于使用卸妆膏或卸妆乳等产品，至少可以通过摩擦来清洁。,augmented_v2,41,prompt_2
我额头经常爆痘，担心涂防晒后会闷痘。先说几个我用过的产品。韩束晒美白30倍防晒乳不防水，当然不用卸。悦诗风吟的那管我刚入手，因为它只含物理防晒剂，听说敏感皮肤不会过敏，于是买了。但实际使用时还是不舒服，洗面奶洗了两次都洗不掉。卸妆水需要先倒在化妆棉上再擦脸，天天这么卸，我总觉得会伤害角质层，使皮肤更敏感。卸妆油一沾水就容易乳化，所以要保持双手干燥。每次卸妆前都要把手洗干净再甩干，过程不太愉快。相比之下，我更喜欢卸妆膏、卸妆乳这类产品，至少摩擦更舒服。,augmented_v3,41,prompt_3
无论到哪里，我都爱点烤鳗鱼，这里的烤鳗鱼一点也不油腻，另外还有碗蒸，每次都得吃两碗以上，点餐速度很快。现在自助餐涨价了吧，毕竟日本污染后很少再去。,augmented_v1,42,prompt_1
无论到哪里，我都喜欢点烤鳗鱼；这里的烤鳗鱼并不油腻。除此之外，还有碗蒸。每次我都会吃两碗以上。自助区的服务速度相当快，但现在自助区的价格已上涨。由于日本污染问题，我现在很少去日本。,augmented_v2,42,prompt_2
我到哪里都喜欢点烤鳗鱼，这里的烤鳗鱼不油腻。还有碗蒸，每次都吃两碗以上，速度挺快。现在自助餐涨价了吧，日本污染后就很少去了。,augmented_v3,42,prompt_3
小肥羊的新店开业后生意异常火爆，菜品不断推陈出新，质量优良，深受顾客喜爱。店内还有招牌舞面，吸引力十足，负责舞面的服务员技术也相当出色。,augmented_v1,43,prompt_1
小肥羊新店已开业，生意兴隆。菜品持续更新，质量优良，深受顾客喜爱。店内还有特色舞面，吸引力十足，舞面服务员技艺高超，值得称赞。,augmented_v2,43,prompt_2
小肥羊新店生意火爆，菜品不断推新，质量不错，深受欢迎。店内还提供特色舞面，吸引众多顾客。舞面的服务员技艺亦可圈可点。,augmented_v3,43,prompt_3
一次和嫩嫩逛街时，路过一家唱吧，逗留了大约两小时。记得每小时大约28元，音效和整体体验都相当不错，只是价格略高，毕竟是连锁店嘛~,augmented_v1,44,prompt_1
有一次和嫩嫩逛街时，我们路过一家店，便在那里演唱了两小时。记得每小时费用约为28元，音质等方面都相当不错，但价格略高，毕竟这是一家连锁店。,augmented_v2,44,prompt_2
有一次和嫩嫩逛街，路过时就唱了两小时。记得大约是每小时28元，音质什么都还不错，只是价格有点高。谁叫人家是连锁的呢？,augmented_v3,44,prompt_3
某天逛完越秀公园后，没找到合适的餐厅，于是就来这家火锅店。店里锅的大小分配得很合理，真的很贴心。汤底是超市常见的汤料，味道浓郁，几乎不需要蘸酱。羊羔肉是必点的，肉香十足，但长时间煮会变柴。鲜羊肉丸子里加入了不少香油，掩盖了原本的羊肉味，但口感很嫩。冻豆腐我强烈推荐，吸收酱汁的效果很好。木耳入味有点慢，味道一般。油麦菜保持了普通青菜的标准。吃完后还送了一张50元的餐券。,augmented_v1,45,prompt_1
某日游览完越秀公园后，因未能找到合适的餐饮场所，于是前往此店品尝火锅。店内锅具分大小，十分人性化。滋补汤底的味道与超市售卖的汤料相似，浓郁程度足以无需蘸酱。羊羔肉是必点菜品，肉香浓郁，但烹煮时间过长容易变柴。鲜羊肉丸子在调味时加入了较多香油，掩盖了羊肉本身的味道，但质地十分嫩滑。冻豆腐极力推荐，吸附酱汁的能力极佳。木耳较难入味，略显生硬。油麦菜则保持了普通青菜的标准水平。用餐结束后赠送了一张50元餐券。,augmented_v2,45,prompt_2
逛完越秀公园后，我找不到地方吃饭，便来到这家火锅店。店里提供大小不同的锅，十分人性化。汤底滋补，味道像超市卖的汤料，浓郁到不需要蘸酱。羊羔肉是必点，肉香浓郁，但煮久后容易变柴。鲜羊肉丸子加入了大量香油调味，掩盖了羊肉本身的味道，口感却很嫩。冻豆腐强烈推荐，吸收酱汁的能力很好。木耳比较难入味，略显生硬。油麦菜保持了正常青菜的水准。吃完后，店家送了一张50元的餐券。,augmented_v3,45,prompt_3
好东西，众所周知,augmented_v1,46,prompt_1
这是一件好东西，众所周知,augmented_v2,46,prompt_2
中国人都知道，真是好东西,augmented_v3,46,prompt_3
如何看待异乡好居老板娘控（wu）告程序员删代码？如下图，一个我敬仰的前辈被老板娘诬告删了价值几百万的代码，真心打抱不平，我也快进入创业公司了，如果这种事情发生在我身上，我该怎么办？<img data-rawwidth具体情况，貌似有很多人都说明了。这里也贴一下张张同学对我的回复。这都是人生经历，都会过去的，是吧。那么有位律师朋友，也给出了恶意删除代码的解释。我个人的理解是，如果程序员未经公司同意删减代码，造成程序的不正常运行，也就构成了破坏生产经营罪。反之则不构成，破坏生产经营罪。谢谢这位律师朋友的普法。leader也曾经跟我说过一个案例，说某程序员使用了前东家的核心算法，被告了的事情。那么以我在四家创业公司,augmented_v1,47,prompt_1
关于异乡好居老板娘控（wu）指控程序员删除代码的事件，我想请教大家如何看待。 如图所示，一位我敬仰的前辈被老板娘指控删除价值数百万的代码，我对此深感不平。 目前我即将加入一家创业公司，如果类似情况发生在我身上，我该如何处理？ 根据具体情况，似乎已有多人说明。 下面附上张张同学的回复。 人生经历总会过去的吧。 另外，一位律师朋友提供了关于恶意删除代码的解释。我个人理解是：若程序员未经公司同意删除或修改代码，导致程序异常运行，则构成破坏生产经营罪；反之则不构成。 感谢律师朋友的普法。 领导曾向我讲述过一个案例：某程序员使用前东家的核心算法被起诉。 就我在四家创业公司的经历而言……,augmented_v2,47,prompt_2
我敬仰的一位前辈被异乡好居老板娘指控删除价值几百万的代码，我对此深感不平。如今我即将加入一家创业公司，如果类似事件发生在我身上，我该怎么办？图片显示了具体情况，似乎已有很多人作出说明。这里也贴上张张同学对我的回复：这都是人生经历，终将过去，对吧？随后，我的一位律师朋友给出了关于恶意删除代码的法律解释。他认为，如果程序员未经公司同意删除或修改代码，导致程序异常运行，则构成破坏生产经营罪；相反，如果未造成不正常运行，则不构成该罪。感谢这位律师朋友的普法。领导曾向我讲过一个案例：某程序员使用前东家的核心算法被起诉。 在我曾就职的四家创业公司中，我也遇到过类似的问题。,augmented_v3,47,prompt_3
"通用光盘格式（Universal Disk Format，简称UDF）是一种为光学存储介质设计的文件系统规范。它基于 ISO/IEC 13346（亦称为-167）标准，并被用来取代 ISO 9660。如今，UDF 已被广泛应用于可写光学存储介质。该格式由光学存储技术协会（OSTA）研发并维护，旨在为所有光学存储介质提供统一的文件系统。虽然对某些单写多读的罕见介质支持有限，UDF 仍在不断扩展，以期兼容非光学介质。

在最初标准化时，UDF 就被设计为兼容可读写和只读介质，随后 DVD Consortium 将其直接采用为官方 DVD 文件系统。如今，UDF 可在市场上几乎所有常见的光学介质以及几乎所有可刻录影片的 DVD 上使用。由于其初衷，UDF 最先在光学介质上流行。早期大多数操作系统需要第三方软件才能读取 UDF，但现在几乎所有系统都至少支持读取，且许多系统还能写入部分格式。随着支持的扩大，UDF 也开始出现在可转换的非光学介质上，如大型闪存盘，甚至硬盘。

在 Windows Vista 及之后的版本中，系统可将光盘格式化为 UDF，但格式化过程较慢，需数分钟；对于容量超过 2GB 的光盘，系统会强制使用 UDF。UDF 已发布多个版本（日期以日/月/年表示）。在新版本发布前，相关讨论认为 UDF 有望应用于硬盘和摄影存储介质。

UDF 的优点是用户可以随意添加、删除和复制文件，类似 USB，但由于刻录设备速度有限，写入速度不及 USB。缺点是将 UDF 光盘放入 CD 播放机时可能无法播放；目前支持 UDF 的播放器较少，旧版操作系统也可能无法读取。大多数 DVD 播放器不支持 1.02 以上版本的 UDF；若使用 ISO 9660 作为桥接，较新版本的 UDF 光盘仍可能被读取。当某些 DVD 刻录程序使用 1.50 版 UDF 刻录视频 DVD 时，用户需要避免使用精灵引导，改为手动设置 1.02 版刻录。即使操作系统声称支持 1.50 版 UDF，它也可能仅支持“完全写入”，不支持 VAT 或备用 UDF 结构。

Mac OS X 10.4.5 声称支持 1.50 版 UDF（详见其“man mount_udf”），但仅能加载“完全写入”结构，且不提供虚拟化选项。Mac OS X 不能以 VAT 方式加载，类似 Sony Mavica 相机的问题。10.4.11 之前可通过 Sparing Table 加载，但文件读取不完整，该问题在 10.4.11 版中得到修复。类似地，Microsoft Windows XP Service Pack 2（SP2）在其不完善的 UDF 管理系统下，无法读取 2.00 版 UDF 的 DVD‑RW 光盘。UDF 管理系统会为 DVD‑RW 创建跨越多个磁区的备用文件表，导致读取错误。XP SP2 能识别该 DVD 为 UDF 文件系统，但会显示为空白光盘。以上问题已在 Service Pack 3 的修复补丁中得到解决。",augmented_v1,48,prompt_1
"UDF（Universal Disk Format，通用光盘格式）是一种专门为光学存储介质设计的文件系统。它遵循 ISO/IEC 13346（也叫 167）标准，原本就是想取代旧的 ISO 9660。现在它已经在可写光盘上被广泛使用。UDF 由光学存储技术协会（OSTA）研发并维护，目标是让所有光学介质都能用同一种文件系统。虽然对一些不常见的单写多读介质支持有限，甚至可能扩展到非光学介质，但核心还是为光盘服务。

UDF 最早就设计成既能支持只读也能支持可读写的光盘。发布第一个版本后，DVD 论坛（DVD Consortium）几乎立刻把它列为官方 DVD 文件系统。如今，UDF 可以在市面上几乎所有常见的光盘上使用，也能在几乎所有可刻录影片的 DVD 上使用。最初它主要用于光盘，但随着时间推移，越来越多的操作系统开始原生支持 UDF，甚至还能写入一部分格式。因为支持越来越好，UDF 也开始出现在可转换的非光学介质上，例如大容量闪存、甚至硬盘。

在 Windows Vista 及之后的系统里，你可以把光盘格式化成 UDF，但过程会慢，可能要几分钟。对于大于 2 GB 的光盘，系统会强制使用 UDF。UDF 已经推出了多个版本（按日/月/年标注）。在新版本发布前，人们讨论过把 UDF 用在硬盘和摄影用存储介质上。UDF 的优点是用户可以随时添加、删除和复制文件，跟传统光盘不同，它不像只读光盘那样不能删除文件，功能跟 USB 类似，只是因为刻录机速度慢，写入速度不如 USB。缺点是如果你把 UDF 光盘放进普通 CD 播放机，可能根本不播放——现在能识别 UDF 的播放器不多，旧版操作系统也可能读不懂。大多数 DVD 播放器不支持 1.02 以上版本的 UDF。若用 ISO 9660 作为桥接，新的 UDF 光盘仍可能被读取。某些 DVD 刻录软件在使用 1.50 版本 UDF 刻录视屏 DVD 时，用户会发现需要避免使用精灵引导，直接手动设为 1.02 刻录。即使操作系统声称支持 1.50 版，它可能只支持“完全写入”，不支持 VAT 或备份式 UDF 组建。Mac OS X 10.4.5 声称支持 1.50 版 UDF（见其“man mount_udf”），但只能做完全写入，不能做虚拟化。Mac OS X 不能用 VAT 方式挂载，跟 Sony Mavica 摄像机的情况类似。10.4.11 之前可以用 Spare Table 挂载，但读不到文件，直到 10.4.11 才修好了。类似地，Windows XP SP2 在 UDF 管理不完善的情况下，无法读取 2.00 版 UDF 的 DVD‑RW 光盘。UDF 管理会为 DVD‑RW 建立一个跨多个磁区的备用文件表，导致读取错误。XP SP2 能识别该光盘为 UDF，但会显示为空白。随着 Service Pack 3 的补丁发布，这些问题都得到了解决。",augmented_v2,48,prompt_2
"UDF 是光学存储媒体的文件系统规范，基于 ISO/IEC 13346（亦称 167）。  
它由光学存储技术协会（OSTA）开发并维护，旨在为所有光学存储媒体提供统一的文件系统。  
UDF 设计之初即是替代 ISO 9660，支持读写和只读媒体。

在首次标准化时，UDF 已经支持读写和只读存储介质。随后，DVD 论坛（DVD Consortium）几乎直接采用 UDF 作为官方 DVD 文件系统。  
如今，UDF 可以在市场上大多数常见的光学存储媒体以及几乎所有可烧录影片的 DVD 上使用。

由于其目标，UDF 最初主要用于光学存储媒体。大多数操作系统最初需要第三方软件才能读取 UDF。  
现在几乎所有操作系统本身至少支持读取 UDF，许多也支持写入。随着支持的扩大，UDF 也开始出现在可转换的非光学存储介质上，例如大容量闪存和硬盘。

在 Windows Vista 及更高版本中，可以使用 UDF 格式化光碟，但格式化过程较慢，通常需要几分钟。  
超过 2 GB 的光碟将强制使用 UDF。

UDF 已推出多个版本（日期以日/月/年示）。在下一个版本推出前，相关讨论认为 UDF 可用于硬盘媒体和摄影用存储介质。

UDF 的优点是用户可以删除、复制文件，与传统光碟不同；功能类似 USB，但因刻录设备速度限制，写入速度不如 USB。  
缺点是使用 CD 播放机读取 UDF 光碟时可能无法播放；目前能播放 UDF 的光碟播放器较少，旧版操作系统也可能无法读取。  
大多数 DVD 播放器不支持高于 1.02 版本的 UDF。若使用 ISO 9660 作为桥接，较新版本的 UDF 光碟仍可能被读取。

有些 DVD 烧录程序在使用 1.50 版本 UDF 烧录视像 DVD 时，用户会发现需要避免使用精灵引导，并手动设置为 1.02 版本烧录。  
即使操作系统声称支持 1.50 版本，也可能仅支持“完全写入”，不支持 VAT 或后备式 UDF 组件。

Mac OS X 10.4.5 声称支持 1.50 版本 UDF（详见其“man mount_udf”部分），但仅能“完全写入”组件载入，不提供虚拟化选项。  
Mac OS X 不能以 VAT 方式载入，类似 Sony Mavica 摄影机的情况。  
10.4.11 之前可以使用 Sparing Table 方式载入，但无法正确读取文件；该问题在 10.4.11 版本才得到解决。

类似地，Microsoft Windows XP Service Pack 2（SP2）在其不完善的 UDF 管理系统下，无法读取 2.00 版本 UDF 的 DVD‑RW 光碟。  
UDF 管理系统会为 DVD‑RW 建立一个跨多个磁区的备用文件表，导致读取错误。  
Windows XP SP2 识别该 DVD 为 UDF 文件系统，但显示为空白光碟。  
以上问题在 Service Pack 3 的修正文件发布后得到解决。",augmented_v3,48,prompt_3
自主品牌汽车到底好到什么程度？似乎大家更愿意把话题放在我们自主品牌与一流大厂之间的差距上，想了解现在的水平。这里的“好”是褒义。哪些技术已经走在前列？业内人士想谈谈所谓的技术问题。汽车本质上是装配件，技术不仅关乎主机厂，也与供应商提供优质零件的技术能力息息相关。在全球采购的大背景下，很多车企，尤其是自主品牌，使用的同一零件供应商往往相同，但实际提供的零件确实“千差万别”。因工作原因，我曾接触过国内几家自主品牌车企以及英国某高端品牌车企，时间越长，越觉得差异不是简单几个层次能概括。许多自主品牌推出新车的速度轻而易举，杭州某主机厂在零件试生产前，连技术图纸都未确认。,augmented_v1,49,prompt_1
当前自主品牌汽车的质量究竟达到了何种水平？似乎人们更倾向于讨论自主品牌与一流大型厂商之间的差距。想了解的是，自主品牌现在的水平究竟如何？这里所说的“好”是褒义。哪些技术已经处于领先地位？业内人士愿意讨论所谓的技术问题。汽车由众多零部件组成，技术不仅关乎整车厂，还涉及供应商提供优质零件的技术能力。在全球采购的大背景下，许多车企，尤其是自主品牌，使用的同一零件供应商相同，但所提供的零件质量差异显著。由于工作原因，我曾接触过国内几家自主品牌车企以及英国一家高端品牌车企，长期观察后发现，差异并非仅能用几个层次来概括。许多自主品牌推出新车的速度非常快；例如杭州某主机厂，零件要进行试生产时，连技术图纸都未确认。,augmented_v2,49,prompt_2
自主品牌车到底有多好？大家更愿意讨论它们与一流大厂的差距，却想知道现在它们到底好到什么程度。这里的“好”是褒义。哪些技术已经领先？圈内人士想谈谈所谓的技术问题。汽车是一台装配好的机器，技术不仅关乎主机厂，还包括供应商提供优秀零件的能力。全球采购的大背景下，许多车企——尤其是自主品牌——使用相同的供应商生产同一零件，但实际上提供的零件差异巨大。由于工作原因，我曾接触过国内几家自主品牌车企和英国某高端品牌车企，时间越长，越觉得差别不是简单的几个层次能描述。很多自主品牌的新品推向市场速度惊人：例如杭州某主机厂，零件要试生产却连技术图纸都未确认。,augmented_v3,49,prompt_3
