text                                                                                                                                                                                                                                                                                                                                                                                                                                                                                           , source      , original_idx, text_length, augmentation_method
尽管门面已经小了一圈，但还是开着不容易啊。我们不容易，老板也不容易。自助餐，你可以吃得比平时多，但决不能浪费。想吃回20元，那是不可能的，所以还是不要去了。菜真的很一般，洗干净就好啦。                                                                                                                                                                                                                                                                                                         , original    ,            0,          92, 
据悉，35路公交线由兰州西客站开往美伦广场时，兰州西客站至白塔山公园线路不变，经北滨河路九州大道南口左转弯进入九州大道至庙滩子恢复原线路运行；由美伦广场开往兰州西客站时，美伦广场至庙滩子线路不变，左转弯进入九州大道至北滨河路市二医院恢复原线路运行。81路公交线路由市二医院开往省军干所时，经北滨河路九州大道南口左转弯进入九州大道至庙滩子恢复原线路运行；由省军干所开往市二医院时，省军干所至庙滩子线路不变，左转弯进入九州大道至市二医院。                                                 , original    ,            1,         217, 
108路公交线路由九州创城B区开往兰州西客站时，九州创城B区至朝阳村路口线路不变，直行进入九州大道至北滨河路市二医院恢复原线路运行；由兰州西客站开往九州创城B区时，兰州西客站至白塔山公园线路不变，经北滨河路九州大道南口左转弯进入九州大道至朝阳村路口恢复原线路运行。                                                                                                                                                                                                                             , original    ,            2,         132, 
再选当中表现最佳两位前往英国曼联青训学院训练一星期。此计划是曼联足球学校国际训练计划的一部分，并同时于英国、阿布扎比、杜拜、印度及中国举办。2012年训练于7月16-27日举行。                                                                                                                                                                                                                                                                                                                       , original    ,            3,          89, 
从大姚的演讲来看，可以发现： 1大姚的英文很好，而且还学会了美国人的幽默。2大姚在NBA遇到过不少贵人，他们给予了大姚很多帮助，让他能取得今天的成功，而大姚也是一个懂得感恩的人。可以说他之所以能取得如今的成就，这两点很重要。                                                                                                                                                                                                                                                                     , original    ,            4,         112, 
弟子世行代答： 古人称，读出师表不涕者，为人必不忠，读陈情表不涕这，为人必不孝，读祭十二郎文不涕这，为人必不悌。年月日，季父愈闻汝丧之七日，乃能衔哀致诚，使建中远具时羞之奠，告汝十二郎之灵： 呜呼！吾少孤，及长，不省所怙，惟兄嫂是依。中年，兄殁南方，吾与汝俱幼，从嫂归葬河阳。既又与汝就食江南。零丁孤苦，未尝一日相离也。吾上有三兄，皆不幸早世。承先人后者，在孙惟汝，在子惟吾。                                                                                                         , original    ,            5,         188, 
很好奇，陶是公认的天才。很想知道在他手下读博是什么感受？补充，这个网站里可以看到Tao的学生列表强行答一个无关的！一天听讲座，我到的稍微有点晚，挤在门口一个角落，发现旁边这不是Tao吗？也站着呢，没人让座没人理。感觉这可能是我俩地位最平等的一次了吧，想偷摸拍一张合影也没敢。听着听着他还小声笑一下，我就在那里懵逼地边听边琢磨笑点在哪。反正到最后我也是没太听明白，Tao还问了个问题，语速巨快，我既没听懂问题又没听懂答案。                                                                    , original    ,            6,         210, 
是否真的能推动基因治疗？补充，今年获奖了：关于CRISPR全称，具体的机理已经有人回答过了，我来给非生物的朋友解释一下它的伟大之处。在CRISPR没有出现之前，改变一个物种的基因是一件很复杂的事情，转基因技术需要非常熟练的科研人员才能进行操作，需要耗费大量的金钱才能完成，因此转基因技术的应用局限于一些大型的实验室。                                                                                                                                                                               , original    ,            7,         158, 
感兴趣的朋友可致电咨询详情，免费电话400-886-5590转655540。具体车型优惠政策如下：大众帕萨特 厂商指导价 直降 现价 现车情况 询价1.8TSI DSG 30周年纪念版 23.38万 ↓1.9万 21.48万 现车充足致电商家，获取更多优惠信息！免费电话：400-886-5590转655540制表：搜狐汽车南昌站查看更多降价信息请进 降价栏目首页 大众帕萨特 外观 线条美观，有棱有角，体态优美，大气。我选的是釉金，目前在街上看到的不多，有点土豪的赶脚。后部有些溜背，比较象CC！                                                           , original    ,            8,         249, 
内饰 内饰布局合理，方便。用料也比较精致，镀铬出风口显得很有档次，各种操作按键设计比较人性化。仪表的指针和显示清晰 空间 比较满意，轴距挺长的，前后空间挺大的，尤其后备箱特别大，放个婴儿车什么的，都挺大的。动力 加速有相当的推背感，提速很灵敏。市区驾驶游刃有余，高速驾驶沉着稳定。操控 扎实的底盘，精准的转向，让你操控起来信心十足，对路面的反馈比较到位。（信息来源：南昌 信息员000） 提及搜狐汽车，您将享受更优质的服务。声明：此价格为经销商个体行为，不代表全部经销商。                 , original    ,            9,         236, 
在被问到“是否相信知识可以改变命运”的时候，2017北京高考文科第一名熊轩昂说：高考是阶层性的考试，农村地区越来越很难考出来，我是中产家庭孩子，生在北京，在北京这种大城市能享受到的教育资源，决定了我在学习时能走很多捷径，能看到现在很多状元都是家里厉害，又有能力的人，所以有知识不一定改变命运，但是没有知识一定改变不了命运。<img data-rawheight前一段时间，有一本小说，叫北京折叠。我并没有看这本小说，只是看到这个书名，无奈又感觉哪里恰好契合的让我笑了一声。                                , original    ,           10,         236, 
意思是不是我所想说的：割裂的北京。我和我的好朋友们，美其名曰实习工作，实则类似社会实践一样的在首都呆了不长不短的一段时间。这个年轻人，其实说出了割裂社会里，某一阶级优秀青年代表群的内心真实感受。大部分答案都是在感慨，啊呀，这个小孩这么小其实很通透啊。                                                                                                                                                                                                                                     , original    ,           11,         125, 
门票是免费的，广州有这点好，各大公园和部分博物馆免费进入，到其他城市，就无享受过这样的待遇。是一座中间大厅、绕以回廊、两层圆顶的建筑。它原是清末广东咨议局。辛亥革命后，广东人民在这里召开大会，宣布反清独立。1921年5月5日，孙中山就任非常大总统，在这里举行宣誓就职典礼。1925年9月底，成为中国国民党中央党部所在地。                                                                                                                                                                          , original    ,           12,         160, 
国民党第二次全国代表大会和第三次全国劳动大会等重要会议在这里召开，毛泽东主编《政治周报》时在这里办公，谭延闿、李富春主办的中国国民党政治讲习班和何香凝主办的中国国民党妇女运动讲习所在这里上课。它是大革命时期一个重要的革命旧址。该馆以广东人民革命斗争史为基本陈列，介绍从鸦片战争到全国解放这个历史时期广东人民为民族独立解放而进行英勇斗争的历史。其中以第一次国内革命战争时期为重点。                                                                                                     , original    ,           13,         189, 
善战者，无赫赫战功！市场走势，千变万化，与时俱进，跟随趋势，方能立足。一朵鲜花撑不起美丽的春天，同样一个人的力量也改变不了市场走势，只需在机会来临的时候踏上开往终点的列车，即可得到我们想要的利润。没有人可以回到过去重新开始，但所有的人都可以从现在开始，去书写一个全然不同的结局。原油技术分析：回顾昨日行情：原油昨日小幅高开，亚欧盘行情比较平稳，在小区间内来回震荡，至美盘原油行情大幅波动，上方触及310一线后，快速回落至昨日低点附近，再度反弹。                                      , original    ,           14,         222, 
整体上来看作者金赢先锋认为后续原油空头仍占据优势，操作上作者金赢先锋建议还是以高位做空为主，低多为辅。套有多单的朋友可以在下放关键支撑位附近加仓，待行情回调，解套出局，做单的朋友严格止损，做好风险控制。技术面上，原油从四小时走势图来看，布林带整体向下运行，上轨和中轨拐头向下，下轨相对走缓，K线价格在布林带中轨下方窄幅震荡，并受其压制。下方MACD指标在零轴下方形成死叉且继续向下运行，绿色动能柱仍在放量，RSI指标聚拢并拐头向上运行。                                                   , original    ,           15,         218, 
综合来看，K线价格受布林带中轨和前期高点强力压制，下行势头强劲，但谨防下轨强力支撑，作者金赢先锋预计后续油价将小幅回升再震荡下行。操作上，先锋老师建议以高空为主，低多为辅。美原油操作建议：1、建议在45.7美元附近空单进场，止损0.5美元，目标看44.8美元附近2、建议在44.5美元附近多单进场，止损0.5美元，目标看45.5美元附近天然气行情分析：日线方面来看，均线系统逐渐下行，布林带张口扩大，行情运行于布林下轨上方附近。                                                                            , original    ,           16,         214, 
附图MACD快慢线下行发散，绿柱持续缩量，KDJ指标拐头向上，三线逐渐聚拢形成金叉。四小时图方面；5日均线拐头向下与10日均线粘合，布林带张口走平，行情运行在布林带中轨下方，附图MACD快慢线粘合运行，红色能量柱缩量，KDJ指标死叉下行发散。天然气操作建议：1、未破5060附近空单进，损40点，目标：4900，破位持有；2、未破4880附近多单进，损40点，目标：5050，破位持有；青西大宗天然气操作建议：1、首见4470附近多单进，损40点，目标：5620，破位持有；                                                       , original    ,           17,         237, 
2、意外下破4450空单进，损40点，目标：4350，破位持有；白银行情分析：白银方面：从日线图来分析来看，日线连收三根阴线，5日均线有下穿10日均线之势，布林带张口有向下之势，行情运行在布林带上轨下方；                                                                                                                                                                                                                                                                                                 , original    ,           18,         102, 
作者先锋老师从四小时图来看，K线运行于布林带中轨下方，小时线布林带张口向下，KDJ指标运行于超买区，四小时收线不破布林带中轨压力可以布局空单，下方关注4135附近支撑，目前看回撤的态势仍没有改变，周线支撑在4100附近，短期压力在4220-4230区间，作者金盘先锋预计缠绕下行补跌，继续反弹做空为主，目前白银的价格在接近4220-4230附近时，激进者即可直接做空！白银操作建议：1、建议4220附近空单进场，止损30点，目标4150-4160；                                                                             , original    ,           19,         224, 
2、建议4140附近多单进场，止损30点，目标4180-4210；3、行情瞬息万变，实时做单联系请教本人。                                                                                                                                                                                                                                                                                                                                                                                                      , original    ,           20,          53, 
今日重点关注财经数据与事件 2016年 7月 20日 周三14:00 德国6月PPI月率16:00 欧元区5月季调后经常帐(亿欧元)16:30 英国6月失业率 英国6月失业金申请人数(万人) 英国5月三个月ILO失业率17:00 瑞士7月ZEW投资者信心指数22:00 美国至7月15日当周EIA原油库存(万桶) 不管你是做实仓，还是模拟，新手还是老手，套单、亏损、还是爆仓都请您调整好心态，尊重市场，跟上我的思路，让你在投资市场重拾信心，一展风采。                                                                                                    , original    ,           21,         225, 
我们不求一天翻仓、更不求一夜暴富，只求稳健盈利、落袋为安，稳健给单，诚信做人！想在投资中获利，真的没有捷径，只有像苦行僧一样，每日认真作功课，勤于积累，更多交流进除了能提供一些投资经验及学习方法以外，更希望能找到志同道合的投资朋友，一起努力研究，战胜行情，祝各路投资朋友摆脱散户永远输钱的宿命。也希望有更好的机遇为投资者提供良策。                                                                                                                                                     , original    ,           22,         165, 
如需了解更多原油、沥青、天然气、豆油、贵金属等投资、交易手法、操作技巧以及K线等知识可以关注都可以添加微信:ZDLJ028，微信公号:jaykuaixun01现货快讯之家(长按可复制）进行交流学习。另外我还要说做投资最重要一点：点位到了就干！点位不到就看，做单需要勇气，持单需要勇气！成功不是靠运气，选择大于努力！                                                                                                                                                                                            , original    ,           23,         157, 
后醍醐天皇策划的讨幕计划被事先发现，首谋者遭到了幕府的处理。虽然当年12月9日才改元为正中元年，但按照习惯史称正中之变。后醍醐天皇从元亨元年（1321年）起开始取代父亲后宇多法皇亲政，并致力于恢复记录庄园券契所。后宇多法皇临终之际下诏，因为皇太子邦良亲王为大觉寺统嫡流（邦良之父为后醍醐天皇兄长后二条天皇），后醍醐天皇有朝一日必须让位邦良亲王。元亨4年6月法皇刚刚驾崩，邦良亲王就立即为了逼后醍醐天皇让位而前往镰仓寻求幕府支持。                                                            , original    ,           24,         214, 
另外持明院统也以邦良亲王即位后，量仁亲王接任皇太子为条件支持邦良的主张（根据之前文保和谈的约定），镰仓幕府也就决定未来按照这一准则决定皇位継承。然而后醍醐天皇期待着最终能够按照自己的想法施政，在得知自己的身份只不过是一个过渡性的天皇后，除了原本就反感的邦良亲王和持明院统，也对幕府的决定强烈反弹。因此后醍醐天皇计划趁六波罗探题南方・大佛维贞前往镰仓的时机讨幕，为此派侧近日野资朝和日野俊基等人巡回诸国，号召各地的武士和实权派起兵勤王讨幕。                                         , original    ,           25,         219, 
当时恶党活动正从几内向各地扩散，奥州的安藤氏之乱也正在加剧，北条得宗家正焦头烂额。后醍醐天皇应该就是打算利用当时的政局不稳，试图把承久之乱之后皇家一直以来的倒幕计划付诸实施。然而9月19日计划被六波罗探题知悉。尽管土岐赖员和多治见国长秘密上洛，但马上就被幕府派人搜捕，双方在四条附近激战，最终二人被逼自尽。六波罗的追查也波及到了朝廷。资朝・俊基等人被治罪，押解到镰仓。资朝被判流放佐渡岛，俊基被赦免归京，但之后被禁足。                                                                , original    ,           26,         209, 
另一方面，后醍醐天皇派侧近万里小路宣房带着解释信前往镰仓，说明自己跟这次的事变无关，因而免于责罚。军记物语『太平记』在第一卷记述了正中之变的细节：倒幕的秘密会议是以无礼讲（不拘身份的宴会）的名义进行的。参与计划的土岐赖员在某一天夜里把计划泄露给了自己的妻子，而其岳父斋藤利行正是六波罗探题的奉行，倒幕计划因此流产。另外，西大寺的律宗僧人也参与了倒幕。                                                                                                                                 , original    ,           27,         175, 
与长颈妖怪相关的记载有干宝的《搜神记》，这本书是中国晋代著名的奇谭异闻录，其中提到南方的「落头氏」一族，是这种妖怪的原型，又名「飞头蛮」，此特征与辘轳首并不相同，辘轳首的脖子会突然伸长，但不是像飞头蛮那样，整颗头从脖子的部位与身体彻底分离。长颈妖怪依据精神的自主性，大致区分为两种，一种可以随自己的意念游走，自由飞翔的长颈妖怪；另一种则是无法控制自己会飘到何处，在无意识状态下浮游的长颈妖怪。                                                                                       , original    ,           28,         196, 
可以随自己的意念游走的长颈妖怪，会潜入民宅将正在睡眠中的人勒毙，然后用尖锐的牙齿将对方啃蚀殆尽，甚至好几只聚在一起集体行动。由于长颈妖怪的头部和身体经常分离，在脖子的地方，有缠绕著红丝线的习惯，所以地方上有个不成文的禁忌「看到脖子缠红线的女人千万不能娶」，究其原因应该是害怕娶进门的老婆很可能是长颈妖怪的化身。有些人并不知道自己就是长颈妖怪，所以是在无意识的状态下受到某种外力驱使，尽管白天看起来同一般人没什么两样，一旦入夜之后，等到众人进入了梦乡，才会显出妖怪的真面目。       , original    ,           29,         236, 
虽然门面已经变小了，但营业还是不容易。我们和老板都很辛苦。自助餐可以比平时吃得多，但绝不能浪费。想要退回20元是不可能的，所以还是别去吧。菜品真的很普通，洗干净就行。                                                                                                                                                                                                                                                                                                                           , augmented_v1,            0,          83, prompt_1
"**正式版**
雖然門面已經縮小了一圈，但仍然營業並不容易。我們與老闆都面臨不少困難。自助餐雖然可以比平時吃得多，但絕不能浪費。若想退回 20 元，這是不可能的，還是別去吧。菜真的很一般，洗乾淨就好。

**口語版**
門面雖然小了點，但還是開著不容易啊。咱們不容易，老闆也不容易。自助餐你可以吃得比平時多，但一定別浪費。想吃回 20 块，那是不可能的，還是別去吧。菜真的很一般，洗乾淨就行啦。"                                                                                                                                                                                                                                                                                                                    , augmented_v2,            0,         201, prompt_2
据悉，35路公交在从兰州西客站前往美伦广场时，兰州西客站至白塔山公园的段落保持不变；随后在北滨河路九州大道南口左转，沿九州大道驶向庙滩子，恢复原有线路；而从美伦广场返回兰州西客站时，线路从美伦广场到庙滩子不变，随后左转进入九州大道，直达北滨河路市二医院，亦恢复原线路。81路公交从市二医院驶往省军干所时，途经北滨河路九州大道南口左转，沿九州大道至庙滩子，恢复原线路；从省军干所返回市二医院时，省军干所至庙滩子段保持不变，随后左转进入九州大道，直达市二医院。                           , augmented_v1,            1,         228, prompt_1
"**口語版（隨性、親切的說法）**

聽說，35路巴士從「西客站」開往「美倫廣場」時，路線跟以前一樣：先往「白塔山公園」走，然後在北濱河路跟九州大道的南口左轉，進九州大道再往「庙滩子」走，這段路就恢復原來的路線。
如果是從「美倫廣場」開回「西客站」的話，從「美倫廣場」到「庙滩子」的路也不變，然後左轉進九州大道，往「北濱河路市二醫院」方向，這段也恢復原來的路線。

至於81路巴士，從「市二醫院」開往「省軍干所」時，路線跟以前一樣：先往「北濱河路」再左轉進九州大道，往「庙滩子」走，這段就恢復原來的路線。
如果是從「省軍干所」開回「市二醫院」的話，從「省軍干所」到「庙滩子」的路不變，然後左轉進九州大道，往「市二醫院」方向，這段也恢復原來的路線。"                                                                                                                                                                                                                                                                                                                                                  , augmented_v2,            1,         327, prompt_2
108路公交线路从九州创城B区发往兰州西客站时，九州创城B区至朝阳村路口段保持不变，随后直行进入九州大道，直至北滨河路市二医院，恢复原线路运行；从兰州西客站发往九州创城B区时，兰州西客站至白塔山公园段亦保持不变，途经北滨河路九州大道南口左转进入九州大道，直至朝阳村路口，恢复原线路运行。                                                                                                                                                                                                       , augmented_v1,            2,         143, prompt_1
"**口語化版本**

108路公交從九州創城B區開往蘭州西客站，路線不變，直接往九州大道直行，然後到北濱河路再往市二醫院，跟原來的路線一樣走。
如果是從蘭州西客站開往九州創城B區，路線也不變，先往白塔山公園，然後經北濱河路轉左進九州大道，最後到朝陽村路口，還是照原來的路線走。"                                                                                                                                                                                                                                                                                                                                                           , augmented_v2,            2,         140, prompt_2
在选拔中表现最突出的两名选手将前往英国曼联青训学院进行为期一周的训练。该项目是曼联足球学校国际训练计划的一部分，并且同时在英国、阿布扎比、迪拜、印度和中国等地同步开展。2012年的训练安排为7月16日至27日。                                                                                                                                                                                                                                                                                      , augmented_v1,            3,         105, prompt_1
"**正式版（略作調整）**
在最後的選拔中，表現最優秀的兩位選手將前往英國曼聯青訓學院進行為期一週的訓練。此計畫是曼聯足球學校國際訓練計畫的一部分，並同時在英國、阿布達比、杜拜、印度及中國舉辦。2012 年的訓練課程於 7 月 16 日至 27 日舉行。

---

**口語版**
最後選拔時，表現最好的兩位選手會去英國曼聯青訓學院訓練一週。這是曼聯足球學校國際訓練計畫的一部分，還會在英國、阿布達比、杜拜、印度和中國同時舉辦。2012 年的訓練是在 7 月 16 號到 27 號。"                                                                                                                                                                                                                                                                                                      , augmented_v2,            3,         246, prompt_2
"从大姚的演讲中可以看出：
1. 他英语水平很高，并且已经掌握了美国式幽默；
2. 在NBA期间，他遇到了不少贵人，得到了他们的帮助，使他能够走到今天的成功，而他本人也非常懂得感恩。
可以说，这两点是他能够取得如今成就的关键。"                                                                                                                                                                                                                                                                                                                                                                                                                                                    , augmented_v1,            4,         118, prompt_1
"从大姚的演讲里可以看出来：
1️⃣ 他英语说得挺好，还学会了美国人的幽默。
2️⃣ 在NBA里，他遇到不少贵人，大家都给了他不少帮助，让他能站到今天这一步，而大姚也很懂得感恩。

这两点，基本上就是他能取得现在成就的关键。"                                                                                                                                                                                                                                                                                                                                                                                                                                                    , augmented_v2,            4,         117, prompt_2
"**改寫版**

弟子世行代答：
古人云，若读《出师表》时不流泪，则必不忠；若读《陈情表》时不流泪，则必不孝；若读祭十二郎文时不流泪，则必不悌。

某年某月某日，季父在得知汝丧事七日后，终于能衔接哀思，诚心致敬，遂在建中远处奉上时令之奠，告诫汝十二郎之灵：
“呜呼！我年少时孤独，长大后亦不知所依，唯有兄嫂为我依靠。中年时，兄在南方去世，我与汝同为幼子，随嫂归葬河阳。随后又与汝同住江南。虽零丁孤苦，却未曾有一天离开彼此。上有三兄，皆不幸早逝。继承先人之志，先在孙辈中是汝，在子辈中是吾。”"                                                                                                                                                                                                                                                        , augmented_v1,            5,         251, prompt_1
"**口語版**
弟子世行代答：
古人說，讀《出師表》不流淚的人，肯定不忠；讀《陳情表》不流淚的人，肯定不孝；讀《祭十二郎》不流淚的人，肯定不悌。
某年某月某日，季父聽說你丟了七天後，終於能衔哀誠懇，給建中遠做了時羞之奠，告訴十二郎的靈魂：
「哎呀！我小時候孤單，長大後也不懂得依靠，只有兄嫂是我的依靠。中年時，兄長在南方去世，我和你還小，跟嫂子一起回去葬了河陽。之後又跟你一起吃飯在江南。零丁孤苦，從未離開過一天。我的上面有三兄，大家都不幸早逝。承先人的是孫惟汝，後代是子惟吾。」

---

**正式版**
弟子世行代答：
古人云，讀《出師表》不泪者，必不忠；讀《陳情表》不泪者，必不孝；讀《祭十二郎》不泪者，必不悌。
某年某月某日，季父聞汝丧之七日後，方能衔哀致诚，奉建中远以时羞之奠，告汝十二郎之灵：
「呜呼！吾少孤，及长，不省所怙，惟兄嫂为依。中年，兄殁南方，吾与汝俱幼，随嫂归葬河阳。既又与汝就食江南。零丁孤苦，未尝一日相离也。吾上有三兄，皆不幸早世。承先人后者，在孙惟汝，在子惟吾。」"                                                                                                                                                                                                                                                                                                  , augmented_v2,            5,         466, prompt_2
我一直很好奇陶老师——被公认为天才的人——在他手下读博到底是什么体验。顺便提一句，网站上可以看到他的学生名单，随便回答一个无关的问题也能找到他。某天我去听他讲座，稍微迟到了，挤进门口的一个角落，发现旁边站着的正是陶老师。那时他也站着，没人给他让座，也没人理他。那一刻，我觉得我们俩的地位可能是最平等的——我想偷偷拍张合影，却不敢。听着听着，他还轻轻笑了一下，我站在那里一头雾水地听着，琢磨着笑点在哪。结果到最后我还是没听懂，陶老师还提了个问题，语速极快，我既听不懂问题，也听不懂答案。 , augmented_v1,            6,         242, prompt_1
我對陶先生的才華深感好奇，他被公認為天才。想了解在他的指導下攻讀博士的感受。順便補充，網站上可以查看陶先生的學生名單，但我卻被迫回答一個與此無關的問題。某天我去聽講座，稍晚到達，挤在門口的一個角落，發現旁邊站著的正是陶先生。沒有人讓座，也沒有人理會。那一刻，我覺得我們之間的地位最平等，想偷偷拍一張合影，卻不敢。聽講時，他輕聲笑了一下，我站在那裡茫然地聽著，試圖弄清笑點。最終，我並未完全聽懂講座內容，陶先生還提了一個問題，語速很快，我既沒聽懂問題，也沒聽懂答案。               , augmented_v2,            6,         232, prompt_2
是否真能推动基因治疗？补充一下，今年获得了奖项：关于CRISPR的全称和具体机制，已有专家给出了答案。下面我来向非专业人士阐释它的伟大之处。早在CRISPR出现之前，改造一个物种的基因是一件极其繁琐的工作。转基因技术需要极高的专业技能和大量资金投入，因而只能在大型实验室里使用。                                                                                                                                                                                                                     , augmented_v1,            7,         139, prompt_1
"**正式版**
是否真的能推動基因治療？今年又獲得了獎項：關於 CRISPR 的全稱及其具體機理，已有人作過詳細說明。以下將為非生物學背景的朋友簡要說明其偉大之處。
在 CRISPR 出現之前，改變一個物種的基因是一件極其複雜的任務。轉基因技術需要高度熟練的科研人員操作，且成本高昂，因而其應用主要局限於大型實驗室。

---

**口語版**
你真的覺得基因治療能搞定嗎？今年又有人拿獎啦！關於 CRISPR 的全名和它到底怎麼運作，已經有人說過了，這裡我來跟不懂生物的朋友說說它有多厲害。
在 CRISPR 出現之前，想改變一個物種的基因可真麻煩，得有超熟練的科學家才能操作，還要花大把錢，結果只能在大實驗室裡做。"                                                                                                                                                                                                                                                                                                                                                                          , augmented_v2,            7,         317, prompt_2
"如果您对该车型感兴趣，欢迎随时致电咨询，免费电话 400‑886‑5590 转 655540。以下为大众帕萨特的优惠详情：

| 车型 | 厂商指导价 | 直降 | 现价 | 现车情况 |
|------|------------|------|------|----------|
| 1.8 TSI DSG 30 周年纪念版 | 23.38 万元 | ↓1.9 万元 | 21.48 万元 | 现车充足 |

如需了解更多优惠信息，请致电商家。免费电话：400‑886‑5590 转 655540。
（表格来源：搜狐汽车南昌站，更多降价信息请访问降价栏目首页）

**外观点评**
大众帕萨特的线条流畅、棱角分明，整体造型优雅大气。我选择的是釉金色，街头很少见到，显得略带土豪气质。后部采用溜背设计，颇有 CC 的风格。"                                                                                                                                                                                                                                                                                                                                                        , augmented_v1,            8,         366, prompt_1
"**正式版**
尊敬的顧客，若您對本車型感興趣，歡迎致電免費電話 400‑886‑5590 分機 655540 進一步諮詢。以下為具體車型優惠政策：

| 車型 | 廠商指導價 | 直降 | 現價 | 現車情況 |
|------|------------|------|------|----------|
| 大眾帕薩特 1.8 TSI DSG 30 周年紀念版 | 23.38 萬元 | ↓1.9 萬元 | 21.48 萬元 | 現車充足 |

欲了解更多優惠資訊，請致電商家。
**免費電話：400‑886‑5590 分機 655540**
（搜狐汽車南昌站）
更多降價資訊請進「降價」栏目首頁。

**外觀**
線條美觀、棱角分明，體態優雅大氣。本人選擇的是釉金色，街上較少見，略顯土豪風格。後部略呈溜背設計，類似 CC 車型。

---

**口語版**
想了解更多的朋友可以直接打電話來，免費號碼 400‑886‑5590 分機 655540。以下是具體的車型優惠：

| 車型 | 廠商指導價 | 直降 | 現價 | 現車情況 |
|------|------------|------|------|----------|
| 大眾帕薩特 1.8 TSI DSG 30 周年紀念版 | 23.38 萬元 | ↓1.9 萬元 | 21.48 萬元 | 現車充足 |

想知道更多優惠，直接打電話給商家就好。
**免費電話：400‑886‑5590 分機 655540**
（搜狐汽車南昌站）
想看更多降價資訊，進「降價」栏目首頁。

**外觀**
線條挺好看的，棱角分明，氣質優雅大氣。本人選的是釉金色，街上不太常見，感覺有點土豪。後面有點溜背，跟 CC 差不多！"                                                                                                                                                                                                                                                                                                                                                                              , augmented_v2,            8,         760, prompt_2
内饰方面，车内布局合理、使用便捷。材质精致，镀铬的进气口更添高档气质，各种操作按键设计人性化。仪表盘上的指针与显示都十分清晰。空间方面，轴距相当长，前后舱内空间宽敞，尤其后备厢容量巨大，足以放置婴儿车等大型物品。动力表现上，加速时有明显的推背感，提速灵敏。市区行驶顺畅，高速行驶稳健。操控方面，底盘扎实、转向精准，让驾驶者信心十足，路面反馈到位。（信息来源：南昌信息员000）提及搜狐汽车，您将享受更优质的服务。声明：此价格为经销商个体行为，不代表全部经销商。                      , augmented_v1,            9,         230, prompt_1
"**正式版（更為書面化）**

內裝設計合理、佈局得體，使用材料亦相當精緻。鏡面鍍鉻的出風口增添了質感，操作按鍵設計人性化。儀表盤的指針與顯示清晰易讀。空間方面，車身軸距較長，前後座椅空間寬敞，尤其後備箱容積大，可輕鬆放置嬰兒車等大型物品。動力表現方面，加速帶來相當的推背感，提速靈敏。市區行駛順暢，高速行駛則沉著穩定。操控方面，底盤扎實、轉向精準，讓駕駛者充滿信心，路面回饋亦相當到位。（資訊來源：南昌資訊員000）
提及搜狐汽車，您將享受更優質的服務。
聲明：此價格為經銷商個體行為，不代表全部經銷商。

---

**口語版（更隨意、日常化）**

內裝布局挺合理，方便用。材料也很精緻，出風口的鏡面鍍鉻看起來很有格調，按鍵設計也很人性化。儀表盤的指針和顯示都很清楚。空間方面，車子軸距長，前後座位都挺寬敞，後備箱更是大到能放個嬰兒車。動力方面，起步有推背感，提速很靈敏。市區開車輕鬆自在，高速開也很穩定。操控上，底盤扎實、轉向準確，開起來讓人很有信心，路面感覺也很到位。（資訊來源：南昌資訊員000）
提到搜狐汽車，能享受更好的服務。
說明：這個價格是個別經銷商的行為，並不代表所有經銷商。"                                                                                                                                                                                                                                                                                                                                                                                                                                        , augmented_v2,            9,         507, prompt_2
当有人问他是否相信知识能改变命运时，2017 年北京高考文科第一名熊轩昂回答：高考本身是一场阶层分化的考试，农村地区的考生越来越难突破。我来自中产家庭，出生在北京，能享受到这座大城市的教育资源，这使我在学习过程中能走许多捷径。如今许多状元都来自实力雄厚、资源丰富的家庭，这让我认为，拥有知识并不一定能改变命运，但缺乏知识却一定无法改变命运。<img data-rawheight>前段时间，我看到一本名为《北京折叠》的小说，虽然我并未阅读，却因书名与我的经历不谋而合而不禁笑出声来。                      , augmented_v1,           10,         241, prompt_1
在被問到「你相信知識能改變命運嗎？」時，2017年北京高考文科第一名的熊軒昂這樣說：「高考是一個階層化的考試，農村地區越來越難考進去，我是中產家庭的孩子，出生在北京，能享受到大城市的教育資源，這決定了我學習時能走很多捷徑。現在很多狀元都是家裡有勢又有能力的人，所以有知識不一定能改變命運，但沒有知識肯定改不了命運。」<img>前一陣子有本小說叫《北京折疊》，我沒看過，只是看到書名，感覺好像很貼切，忍不住笑了一聲。                                                                          , augmented_v2,           10,         207, prompt_2
这段话的意思是不是我想表达的：北京被割裂了。我和我的好友们，表面上称之为“实习工作”，实际上更像一次社会实践，在首都度过了一段既不短也不长的时光。这个年轻人实际上说出了在被割裂的社会中，某一阶级优秀青年代表群体的内心真实感受。大多数回应都是感叹：“哇，这个孩子这么小，却如此通透啊。”                                                                                                                                                                                                       , augmented_v1,           11,         142, prompt_1
請問您想將這段文字改為正式風格還是口語風格？如果您想要兩種版本，我也可以一次性提供。                                                                                                                                                                                                                                                                                                                                                                                                           , augmented_v2,           11,          42, prompt_2
门票完全免费，广州这点很突出，几乎所有公园和部分博物馆都可以免费进入，而在其他城市则很少能享受到类似待遇。建筑本身是一座中间大厅，周围环绕着回廊，顶层是两层圆顶。它最初是清末广东咨议局。辛亥革命后，广东人民在此召开会议，宣布反对清朝、争取独立。1921年5月5日，孙中山在此举行宣誓就职典礼，正式担任“非常大总统”。1925年9月底，该建筑成为中国国民党中央党部的所在地。                                                                                                                        , augmented_v1,           12,         186, prompt_1
"**正式風格（保留原文的正式語氣）**
门票免费，广州这点好，各大公园和部分博物馆均可免费入内，至其他城市则未能享受此待遇。该建筑为中间大厅、环绕回廊、两层圆顶之构造。其原为清末广东咨议局。辛亥革命后，广东人民于此召开大会，宣布反清独立。1921年5月5日，孙中山就任非常大总统，并在此举行宣誓就职典礼。1925年9月底，成为中国国民党中央党部所在地。

---

**口語風格（更口語化、日常化的表達）**
门票是免费的，广州这点真不错，各大公园和部分博物馆都能免费进，去别的城市就没这么待遇。它是一座中间大厅、环绕回廊、两层圆顶的建筑。它原来是清末广东咨议局。辛亥革命后，广东人就在这里开大会，宣布反清独立。1921年5月5日，孙中山就任非常大总统，在这里举行宣誓就职典礼。1925年9月底，成为中国国民党中央党部所在地。"                                                                                                                                                                             , augmented_v2,           12,         367, prompt_2
这里曾是国民党第二次全国代表大会、第三次全国劳动大会等重要会议的召开地点；毛泽东在此编辑《政治周报》；谭延闿、李富春主持的中国国民党政治讲习班、何香凝主持的中国国民党妇女运动讲习班亦在此授课。它是大革命时期的重要革命遗址。馆内以广东人民革命斗争史为主线，展示从鸦片战争至全国解放期间，广东人民为民族独立和解放所进行的英勇斗争，重点突出第一次国内革命战争时期。                                                                                                                         , augmented_v1,           13,         179, prompt_1
國民黨第二次全國代表大會、第三次全國勞動大會等重要會議都在這裡開，毛澤東主編《政治周報》也在這裡辦公，還有譚延闞、李富春主辦的中國國民黨政治講習班，還有何香凝主辦的中國國民黨婦女運動講習班，都在這裡上課。這裡是大革命時期一個重要的革命老地方。館裡主要展示的是廣東人民革命鬥爭史，從鸦片戰爭到全國解放這段時間，廣東人民為民族獨立解放所做的英勇鬥爭。重點放在第一次國內革命戰爭時期。                                                                                                     , augmented_v2,           13,         189, prompt_2
"善于作战的人并不一定拥有耀眼的战功。市场行情千变万化，唯有与时俱进、顺势而为，才能立于不败之地。就像一朵花无法撑起整个春天，一个人的力量也难以左右市场走势。只要在机会出现时乘坐通往终点的列车，就能获得想要的利润。没有人能回到过去重新开始，但每个人都可以从现在起，书写全然不同的结局。

**原油技术分析**
回顾昨日行情：原油小幅高开，亚欧盘相对平稳，在小幅区间内波动；至美盘时原油大幅波动，触及310线后迅速回落至昨日低点附近，随后再次反弹。"                                                                                                                                                                                                                                                                                                                                                         , augmented_v1,           14,         224, prompt_1
"**正式版**
善於作戰者並不一定擁有赫赫戰功。市場行情千變萬化，唯有與時俱進、順應趨勢，方能立足。單朵鮮花無法支撐絢麗春天，個人之力亦無法改變市場走勢。只需於機會來臨時乘坐開往終點的列車，即可獲得期望之利潤。人無法回到過去重新開始，但人人皆可從此刻起書寫全然不同的結局。

**原油技術分析**：回顧昨日行情：原油昨日略高開盤，亞歐盤相對平穩，在小幅區間內波動，至美盤原油行情大幅波動，上方觸及310線後迅速回落至昨日低點附近，再度反彈。

---

**口語版**
善戰的人不一定有大名鼎鼎的戰功。市場行情變化無常，得跟上時代，跟著趨勢走，才能站穩腳跟。單朵花撑不住春天，個人力量也改不了市場走勢。只要機會來了，趕上開往終點的列車，就能拿到想要的利潤。沒人能回到過去重新來過，但大家都能從現在開始，寫出全新的結局。

**原油技術分析**：回顧昨天的行情：原油昨天小幅高開，亞歐盤比較平穩，在小區間裡來回震盪，到了美盤原油行情大幅波動，上面衝到310一線後，快速回落到昨天低點附近，再次反彈。"                                                                                                                                                                                                                                                                                                                       , augmented_v2,           14,         458, prompt_2
整体来看，作者金赢先锋认为后市原油空头仍占优势。操作建议以高位做空为主，低位做多为辅。已持有多单的朋友可以在关键支撑位附近加仓，待行情回调后平仓解套；做空的朋友则要严格止损，做好风险控制。技术层面，从四小时图看，布林带整体呈下行趋势，上轨与中轨已转向下跌，下轨相对平稳。K线价格在布林带中轨下方窄幅震荡，受压制。MACD指标在零轴下形成死叉并继续走低，绿色动能柱仍在放量，RSI指标聚拢并出现上行转折。                                                                                     , augmented_v1,           15,         201, prompt_1
整体来看，金赢先锋觉得后面原油空头还是占优势。操作上，他建议还是以高位做空为主，低位多为辅。套多单的朋友可以在关键支撑位附近加仓，等行情回调后解套出局。做单的朋友一定要严格止损，做好风险控制。技术面上，原油四小时图布林带整体向下，上轨和中轨转向下，下轨走得慢一点，K线价格在中轨下方窄幅震荡，被压制。下方MACD在零轴下形成死叉，继续往下走，绿柱放量，RSI聚拢并转向上。                                                                                                                   , augmented_v2,           15,         186, prompt_2
综合分析后发现，K线走势受到布林带中轨与前期高点的双重压制，呈现明显的下行趋势，虽然下跌势头强劲，但仍需警惕下轨可能形成的强支撑。金赢先锋认为，油价在短期内可能先出现小幅回升，随后继续以震荡方式下行。针对操作，先锋老师建议以高位做空为主，低位做多为辅。具体到美原油，建议：①在约45.7美元附近建仓空单，止损0.5美元，目标价位在44.8美元左右；②在约44.5美元附近建仓多单，止损0.5美元，目标价位在45.5美元左右。至于天然气，日线图显示均线系统逐步下行，布林带宽度扩大，价格大多停留在下轨附近。, augmented_v1,           16,         252, prompt_1
"**口語化版本（更貼近日常對話風格）**

綜合來說，K線的價格被布林帶中軌跟前期高點給壓得很厲害，趨勢向下挺強，但也要注意下軌可能會有強力支撐。作者金赢先锋估計油價接下來會小幅回升，然後再震蕩下跌。操作上，先锋老師建議主打高空，低多做為備胎。美原油的操作建議：

1. **空單**：建議在 45.7 美元左右進場，止損 0.5 美元，目標是 44.8 美元附近。
2. **多單**：建議在 44.5 美元左右進場，止損 0.5 美元，目標是 45.5 美元附近。

**天然氣行情分析**：日線看，均線系統慢慢下滑，布林帶張口變大，行情大多跑在布林下軌附近。

---

如果你還想要正式版的文字，或是想把口語版再調整成更正式的表達，隨時告訴我！"                                                                                                                                                                                                                                                                                                                                                                                                                    , augmented_v2,           16,         328, prompt_2
"圖中 MACD 的快線與慢線呈現下行發散，綠柱持續縮小；KDJ 指標轉折向上，三條線逐漸聚拢並形成金叉。四小時圖顯示 5 日均線拐頭向下並與 10 日均線粘合，布林帶寬度趨於平穩，行情在布林帶中軸以下。圖中 MACD 快慢線保持粘合，紅色能量柱縮小，KDJ 指標出現死叉並呈下行發散。

**天然氣操作建議**
1. 若價格未跌破 5060 附近，建議進行空單，止損 40 點，目標 4900；若跌破則持有。
2. 若價格未跌破 4880 附近，建議進行多單，止損 40 點，目標 5050；若跌破則持有。

**青西大宗天然氣操作建議**
1. 首次觀察到 4470 附近時，建議進行多單，止損 40 點，目標 5620；若跌破則持有。"                                                                                                                                                                                                                                                                                                                                                                                                                , augmented_v1,           17,         329, prompt_1
"**口語化版本（更隨意、易懂）**

> 附圖 MACD 的快慢線在下跌時分開，綠色柱子越來越少；KDJ 指標轉頭往上，三條線慢慢靠攏，最後形成金叉。四小時圖上，5 日均線轉向下跟 10 日均線黏在一起，布林帶的上下緣變得平坦，行情一直在中軌以下。MACD 快慢線也黏在一起，紅色能量柱子變小，KDJ 指標則死叉後往下分開。
>
> **天然氣操作建議**
> 1. 如果還沒跌破 5060 附近，先做空，止損 40 點，目標 4900，跌破再持有。
> 2. 如果還沒跌破 4880 附近，先做多，止損 40 點，目標 5050，跌破再持有。
> **青西大宗天然氣操作建議**
> 1. 首先在 4470 附近做多，止損 40 點，目標 5620，跌破再持有。

---

**正式版（原始風格）**

> 附图MACD快慢线下行发散，绿柱持续缩量，KDJ指标拐头向上，三线逐渐聚拢形成金叉。四小时图方面；5日均线拐头向下与10日均线粘合，布林带张口走平，行情运行在布林带中轨下方，附图MACD快慢线粘合运行，红色能量柱缩量，KDJ指标死叉下行发散。天然气操作建议：1、未破5060附近空单进，损40点，目标：4900，破位持有；2、未破4880附近多单进，损40点，目标：5050，破位持有；青西大宗天然气操作建议：1、首见4470附近多单进，损40点，目标：5620，破位持有；"                                                    , augmented_v2,           17,         606, prompt_2
"2、意外跌破4450，於此進場空單，虧損40點，目標為4350，跌破後仍持倉。
白銀市場分析：從日線圖來看，連續三根陰線收盤；5日均線已下穿10日均線；布林帶寬口呈現向下趨勢，行情運行於布林帶上軌以下。"                                                                                                                                                                                                                                                                                                                                                                       , augmented_v1,           18,         103, prompt_1
"**口語化版本**

2、突然跌破4450，空單進場，損了40點，目標是4350，跌破後就繼續持有；
白銀行情分析：從日線圖看，連收三根陰線，5日均線正好下穿10日均線，布林帶的口張得更寬，趨勢向下，行情就在布林帶上軌以下運行。"                                                                                                                                                                                                                                                                                                                                                                   , augmented_v2,           18,         116, prompt_2
作者先锋老师在四小时图上观察到，K线位于布林带中轨之下，小时线的布林带呈现向下张口的形态，KDJ指标处于超买区间。四小时收盘未能突破布林带中轨的压力位，说明可以考虑布局空单。下方关注4135附近的支撑位，回撤态势尚未改变。周线支撑大约在4100附近，短期压力区间为4220‑4230。金盘先锋预计行情将继续在此区间内形成缠绕并下行补跌，主打反弹做空。若银价逼近4220‑4230区间，激进交易者可直接做空。操作建议：在4220附近开空单，止损设在30点，目标价位4150‑4160。                                          , augmented_v1,           19,         241, prompt_1
作者先锋老师说，四小时图里K线跑在布林带中轨下方，小时线布林带张口往下，KDJ指标在超买区。四小时收盘没跌破中轨压力，说明可以考虑空单。下面关注4135附近的支撑，回撤的趋势看起来还没变。周线支撑在4100左右，短期压力在4220-4230区间。金盘先锋预计会出现缠绕下行补跌，继续做空。现在银价一靠近4220-4230，激进的朋友就可以直接做空啦！银的操作建议：先在4220附近进场做空，止损30点，目标在4150-4160之间。                                                                                            , augmented_v2,           19,         216, prompt_2
2、建议在4140附近开多单，止损设在30点，目标价位为4180-4210；3、行情瞬息万变，若需实时操作请随时联系本人。                                                                                                                                                                                                                                                                                                                                                                                      , augmented_v1,           20,          61, prompt_1
"**口語化版本**
2、建議你在 4140 附近買多單，止損 30 點，目標 4180‑4210。
3、行情變化超快，想要即時下單就跟我聯絡吧。"                                                                                                                                                                                                                                                                                                                                                                                                                                                   , augmented_v2,           20,          76, prompt_2
"今天我们重点关注的财经数据与事件如下（时间均为当地时间）：

- **2016年7月20日（星期三）**
- **14:00** 德国6月 PPI 月率
- **16:00** 欧元区5月季调后经常帐（亿欧元）
- **16:30** 英国6月失业率
- **16:30** 英国6月失业金申请人数（万人）
- **16:30** 英国5月三个月 ILO 失业率
- **17:00** 瑞士7月 ZEW 投资者信心指数
- **22:00** 美国至7月15日当周 EIA 原油库存（万桶）

无论您是持有实盘还是模拟仓位，初学者还是老手，面临套单、亏损或爆仓，建议您保持冷静的心态，尊重市场规律，跟随我的思路，帮助您在投资市场重拾信心，展现最佳风采。"                                                                                                                                                                                                                                                                                                                                , augmented_v1,           21,         355, prompt_1
"今天我們要關注的財經數據和事件有：

- **2016 年 7 月 20 日（週三）**
- 14:00 德國 6 月 PPI 月率
- 16:00 歐元區 5 月季調後經常帳（億歐元）
- 16:30 英國 6 月失業率、英國 6 月失業金申請人數（萬人）
- 17:00 英國 5 月三個月 ILO 失業率
- 22:00 瑞士 7 月 ZEW 投資者信心指數
- 22:00 美國至 7 月 15 日當周 EIA 原油庫存（萬桶）

不管你是做實盤還是模擬、是新手還是老手、是套單、是虧損、還是爆倉，請你先調整好心態，尊重市場，跟著我的思路走，讓你在投資市場重拾信心，展現風采。"                                                                                                                                                                                                                                                                                                                                              , augmented_v2,           21,         316, prompt_2
我们并不追求日翻仓，也不盼望一夜暴富；我们只想稳健盈利、把钱安全落袋，稳健下单、诚信做人。想在投资中获利，真的没有捷径，唯有像苦行僧般每天认真学习、勤于积累。更多交流不仅能分享投资经验和学习方法，更希望结识志同道合的伙伴，一起钻研、击败行情。祝各位投资者摆脱散户永远输钱的宿命，也期盼有更好的机遇为大家提供优质策略。                                                                                                                                                                   , augmented_v1,           22,         158, prompt_1
我们不求一天翻仓，也不想一夜暴富，目标就是稳稳赚点钱，拿着钱安心。给单要稳，做人也要诚实。想在投资里赚钱，真的没有捷径，得像苦行僧一样，天天认真做功课，勤勤恳恳地积累。多交流不仅能分享投资经验和学习方法，还希望能遇到志同道合的朋友，一起研究、一起战胜行情。祝各位投资伙伴能摆脱散户永远输钱的命运，也希望能抓住更好的机会，为大家提供实用的策略。                                                                                                                                         , augmented_v2,           22,         171, prompt_2
"想进一步了解原油、沥青、天然气、豆油、贵金属等品种的投资、交易技巧、操作方法以及 K 线分析等内容，欢迎关注并添加微信号 **ZDLJ028**，或扫描微信公众账号 **jaykuaixun01**（现货快讯之家）进行交流学习。
再补一句，投资最关键的一点是：价格到位时就要行动；未到位则观望。下单和持仓都需要勇气。成功不是靠运气，而是靠明智的选择大于单纯的努力。"                                                                                                                                                                                                                                                                                                                                                        , augmented_v1,           23,         184, prompt_1
"**正式版（正式語氣）**

如需進一步了解原油、瀝青、天然氣、豆油、貴金屬等投資、交易手法、操作技巧以及 K 線等相關知識，歡迎關注並添加微信號 **ZDLJ028**，或掃描微信公號 **jaykuaixun01 － 现货快讯之家**（長按可複製）進行交流學習。
此外，投資最重要的一點是：**點位到達時立即執行**；若點位未到，則觀望。下單與持倉都需要勇氣。成功並非僅靠運氣，**選擇勝於努力**。

---

**口語版（口語化語氣）**

想知道更多關於原油、瀝青、天然氣、豆油、貴金屬等投資、交易手法、操作技巧、K 線等知識？直接加微信 **ZDLJ028** 或掃微信公號 **jaykuaixun01 － 现货快讯之家**（長按可複製）聊聊就行啦。
說一句，投資最關鍵的就是：**點位到時就動手**；點位不到就先觀望。下單和持倉都得有勇氣。成功不是靠運氣，**選擇比努力更重要**。"                                                                                                                                                                                                                                                                                                                                                                  , augmented_v2,           23,         403, prompt_2
后醍醐天皇策划的讨幕行动被提前发现，首谋者被幕府严厉处置。虽然当年12月9日才改元为正中元年，但史书仍以“正中之变”记载此事。自元亨元年（1321年）起，后醍醐天皇开始取代父亲后宇多法皇亲政，并致力于恢复庄园契约的记录。后宇多法皇临终前颁布诏令，因皇太子邦良亲王是大觉寺的嫡系继承人（邦良之父为后醍醐天皇的兄长，即后二条天皇），后醍醐天皇终将不得不让位给邦良亲王。元亨四年六月，法皇刚刚驾崩，邦良亲王便立刻前往镰仓，试图逼迫后醍醐天皇让位并寻求幕府支持。                                  , augmented_v1,           24,         227, prompt_1
后醍醐天皇本来想搞个讨幕计划，结果被提前发现，首谋者被幕府给处理了。虽然那年12月9号才改元叫正中元年，但大家还是习惯叫它正中之变。后醍醐从1321年的元亨元年开始，直接接管了父亲后宇多法皇的政务，还想把庄园的契约记录恢复好。后宇多法皇临终时下了诏，因为皇太子邦良亲王是大觉寺的继承人（邦良的父亲是后醍醐的兄长，也就是后二条天皇），所以后醍醐必须有朝一日把位让给邦良。元亨四年六月，法皇刚去世，邦良亲王立刻去镰仓逼迫后醍醐让位，想找幕府帮忙。                                            , augmented_v2,           24,         221, prompt_2
此外，持明院统以邦良亲王即位后，量仁亲王继任皇太子为前提，支持邦良的主张（依据此前的文保和谈约定）。于是镰仓幕府决定以后按此准则来决定皇位继承。然而后醍醐天皇渴望最终能按自己的意愿施政，得知自己仅是过渡天皇后后，除了原本就反感的邦良亲王和持明院统，他也对幕府的决定强烈反弹。于是后醍醐天皇计划利用六波罗探南方・大佛维贞前往镰仓的时机讨幕，遂派遣近日野资朝、日野俊基等人巡回各国，号召各地武士和实权派起兵勤王讨幕。                                                                   , augmented_v1,           25,         206, prompt_1
"**口語化版本**

另外，持明院統說，邦良親王一登基，量仁親王就接任皇太子，這樣就能支持邦良的主張（跟之前文保和談的約定一樣）。於是鎌倉幕府決定，以後就按這個規則來決定皇位繼承。

不過後醍醐天皇一直想按自己的想法施政，等他發現自己只不過是個過渡性的天皇，除了原本就不喜歡邦良親王和持明院統，他還對幕府的決定大喊不滿，直接反彈。於是他打算趁六波羅去南方探險、去大佛維貞的時候，去鎌倉討幕。為此，他派了近日野資朝和日野俊基等人到各國巡回，號召當地的武士和實權派起兵勤王討幕。"                                                                                                                                                                                            , augmented_v2,           25,         237, prompt_2
当时的恶党势力正从几内向全国蔓延，奥州的安藤氏之乱也愈演愈烈，北条得宗的家族正陷入困境。后醍醐天皇似乎打算借助当时政局动荡，将自承久之乱以来一直谋划的倒幕计划付诸行动。然而，9月19日，这一阴谋被六波罗探题知悉。尽管土岐赖员和多治见国长暗中前往洛阳，却很快被幕府抓捕，两人在四条附近激烈交锋，最终被逼自尽。六波罗的调查也波及朝廷，资朝、俊基等人受到惩处，被押送至镰仓。资朝被判流放佐渡岛，俊基虽被赦免归京，但随后被禁足。                                                              , augmented_v1,           26,         210, prompt_1
那時候，惡黨活動正從幾內一路蔓延到各地，奧州的安藤氏也越來越鬧，北條得宗家裡忙得不可開交。後醍醐天皇估計想趁局勢不穩，把承久之亂後一直想倒幕的計畫落實。可惜9月19號，六波羅探子就發現了這套計謀。土岐賴員和多治見國長偷偷跑去洛陽，結果立刻被幕府的人抓住，四條附近兩邊打得不可開交，最後兩人被逼自盡。六波羅的追查還波及朝廷，資朝、俊基等人被判罪，押到鎌倉去。資朝被流放佐渡島，俊基被赦免回京，但之後又被禁足。                                                                            , augmented_v2,           26,         203, prompt_2
另一方面，后醍醐天皇派遣侧近万里小路宣房携带解释信前往镰仓，阐明自己与此次事变无关，从而免于处罚。军记物语《太平记》第一卷记载了正中之变的细节：倒幕的秘密会议以“无礼讲”（即不分身份的宴会）为名进行。参与策划的土岐赖员在某个夜晚将计划泄露给妻子，岳父斋藤利行正恰好是六波罗探题的执行者，导致倒幕计划败露。与此同时，西大寺的律宗僧人也参与了倒幕行动。                                                                                                                                     , augmented_v1,           27,         174, prompt_1
"**原文（正式風格）**
另一方面，后醍醐天皇派侧近万里小路宣房带着解释信前往镰仓，说明自己跟这次的事变无关，因而免于责罚。军记物语『太平记』在第一卷记述了正中之变的细节：倒幕的秘密会议是以无礼讲（不拘身份的宴会）的名义进行的。参与计划的土岐赖员在某一天夜里把计划泄露给了自己的妻子，而其岳父斋藤利行正是六波罗探题的奉行，倒幕计划因此流产。另外，西大寺的律宗僧人也参与了倒幕。

---

**口語化版本**
說到這裡，後醍醐天皇就派了個側近，叫萬里小路宣房，帶著一封解釋信去鎌倉，跟人說自己跟這次的變動沒關係，結果就免了責罰。《太平記》第一卷裡面說了正中之變的細節：那場倒幕的秘密會議是以「無禮講」這種不拘身份的宴會為名開的。參與策劃的土岐頼員有一天晚上把計畫告訴了老婆，結果他的岳父斋藤利行正好是六波羅探題的負責人，倒幕計畫就這樣失敗了。還有，西大寺的律宗和尚也參與了倒幕。"                                                                                                              , augmented_v2,           27,         393, prompt_2
关于长颈妖怪的记载，干宝在《搜神记》中有所提及。此书为晋代著名的奇闻异事集，书中记述了南方的“落头氏”族，亦即此类妖怪的原型，亦称为“飞头蛮”。其特征与辘轳首不同：辘轳首的脖子会突然伸长，而飞头蛮则是整颗头从颈部与身体完全分离。根据精神自主性，长颈妖怪大致可分为两类：一类能凭意念自由游走、飞翔；另一类则无法自控，处于无意识状态下随意漂浮。                                                                                                                                               , augmented_v1,           28,         170, prompt_1
"**口語版**

干寶寫的《搜神記》裡有關長頸妖怪的記錄。這本書是中國晋代的奇談怪事集，裡面提到南方的「落頭氏」一族，這個族群就是長頸妖怪的原型，也叫「飛頭蛮」。跟「辘轳首」不一樣的是，飛頭蛮的整個頭跟脖子完全分離，像是脖子突然伸長，頭跟身體分開；而辘轳首的脖子雖然會突然拉長，但頭還是跟身體連在一起。

長頸妖怪大概可以分成兩種，根據它們的精神自主性來說。第一種能隨心所欲地走來走去、自由飛翔；第二種則沒辦法控制自己會飄到哪裡，像是無意識地漂浮。"                                                                                                                                                                                                                                                                                                                                                , augmented_v2,           28,         224, prompt_2
能够随意漂移的长颈妖怪，常潜入住宅，悄悄逼近正在熟睡的人，用锐利的牙齿将其勒死并啃噬至骨。它们甚至能聚集成群，合力行动。由于长颈妖怪的头部与身体时常分离，它们在脖子上缠绕红丝线的习惯，因而在当地流传着一句不成文的禁忌：“若见女子脖子缠红线，绝不可娶。”这条禁忌的根源在于担心新娘可能正是长颈妖怪的化身。还有些人并未意识到自己是长颈妖怪，因某种外力在无意识状态下被驱使。白天他们与常人无异，唯有夜幕降临、众人入睡时，妖怪的真面目才会显露。                                             , augmented_v1,           29,         218, prompt_1
"**口語版（隨意、貼近日常對話的風格）**

長頸妖怪能隨著自己的念頭到處飄，會偷偷進屋子，對著正在睡覺的人一腳勒死，然後用尖牙把他啃得骨頭都露出來。更可怕的是，牠們不止一隻，還會聚在一起搞集體行動。因為長頸妖怪的頭跟身體經常分離，脖子那裡還會纏著紅絲線，這也讓人們形成了一個不成文的禁忌：「看到脖子纏紅線的女人，千萬別娶！」這背後的原因大概是怕把老婆娶進門，結果老婆其實是長頸妖怪的化身。

有些人根本不知道自己是長頸妖怪，平時白天跟普通人沒什麼差別，卻在夜裡被某種外力驅使。等到大家都睡著，妖怪的真面目才會露出來。"                                                                                                                                                                                                                                                                                                                                                                  , augmented_v2,           29,         259, prompt_2
