text,text_length,category,success,authenticity_score,mainland_terms,source_type,paragraph_length,score_大陸特有詞彙,score_大陸語法習慣,score_大陸口語表達,score_避免繁體用語,score_整體大陸化程度,score_總分
如今，不管是在大型商超还是巷子里的小铺，随处可见各种扫码支付的身影。而随着扫码支付线下布局的逐渐广泛和已培育成熟的用户消费习惯，使得近期扫码支付风潮颇有横扫支付市场的势头。不管你是商家和个人都可以开通无卡支付！对此，优壹付方面负责人表示：“随着费率改革的正式推行，使得无卡支付、扫码支付进入了全国爆发期。目前，扫码支付市场也激战正酣，越来越多的企业、代理商以及个体都在进军移动支付战场抢滩分食。,197,真正大陸用語,True,0,,split_paragraph,92,1.0,1.0,1.0,1.0,1.0,5.0
他家的馅饼感觉就是一般，料比较足，不是很油，烤制的一般，粥还可以，很浓稠的那种，吃起来香香的。,47,通用簡體中文,True,0,,split_paragraph,217,0.0,0.0,0.0,1.0,0.0,1.0
祝大家，身体健康，学业进步，事业进步。-------半个月不见--三更下-----快忘了这个提问了----2017年--一两年过去了，随手这几句---现在大四，即将毕业离校，对于钱这个东西有了更多的认识，其中一小点是我们更应该世俗平凡接地气一点，快速赚钱对我们来说并不是特别特别重要，偶尔两个月赚20万，和稳定每个月赚3万5万，真心区别不大，祝愿各位同学学有所成，简单快乐。50天能把5万变20万的人，根本不会在这里评论。,211,通用簡體中文,True,0,,split_paragraph,132,0.0,0.0,0.0,1.0,0.0,1.0
显示实货需求的中国黄金溢价降至约2-3美元，上周为6-7美元。中国为全球第二大黄金消费国。全球最大黄金支持上市交易基金(ETF)SPDR Gold Trust 持金量持续流出。本周全球最大黄金ETF--SPDR Gold Trust 持仓也持续流出，这显示投资人对金价升势保持谨慎。希腊忧虑挥之不去，市场对希腊最终能够达成援助协议的乐观情绪暂时未给金价带来进一步支撑。希腊方面的不安情绪似乎对欧元的打压有限。,204,通用簡體中文,True,0,,split_paragraph,89,0.0,0.0,0.0,1.0,0.0,1.0
还有好几次了，他们的服务员会故意忽略你的话的，你叫他加水，他睬也不踩你，自己跑到一边去休息了。,47,真正大陸用語,True,0,,split_paragraph,112,0.0,1.0,0.0,1.0,1.0,3.0
“因为经济迟早会回升，很快需求就上来了，价格也会随之上升——现在是最好的时机。常清教授认为，原油价格下跌至三四十美元/桶时，中国适时加大购买力度，为国家节约了大量的外汇，值得肯定。一位在石油交易领域研究多年的分析师则表示，进口原油增加的另外一个原因是国内原油产量的不断下降。从表面来看，作为全球第二大原油消费国，中国的原油进口情况显得很稳健，今年1-5月进口同比增长16.5%，相当于每日大约749万桶。,202,通用簡體中文,True,1,,split_paragraph,188,0.0,0.0,0.0,1.0,0.0,1.0
不知我该如何抉择？望诸位前辈不吝赐教：）作为一个毕业不久的本科生，我很理解LZ这种对进入职场的逃避和对学校的留恋。越离近入职日，越对未来不确定。特别是我想lz身边有很多朋友都考研了吧，会有一种只身一人去新地图的恐惧感。但是，请相信自己既然拿到offer了就等于有这个实力做好这份工作，无论外面行情是不是优待学历。而且accounting的话真的是工作会比学校学到更多东西！以后想进入咨询行业，你在四大的经历绝对比研究生更有分量！,214,通用簡體中文,True,0,,split_paragraph,210,0.0,0.0,0.0,1.0,0.0,1.0
对于本次发布会，最大的亮点莫过于Apple TV的更新，更可以说是再创造，苹果的第五块屏幕终于开始发力（手机，平板，电脑，穿戴）。,65,通用簡體中文,True,0,,split_paragraph,158,0.0,0.0,0.0,1.0,0.0,1.0
其中：央企神东煤炭集团在陕煤矿煤炭产量6477.92万吨，同比减少1273.84万吨，下降16.43%;省属国有重点煤矿煤炭产量8659.42万吨，同比减少740.23万吨，下降7.88%;地方煤矿煤炭产量16980.6万吨，同比减少1559.31万吨，下降8.41%。9月份，全省119处矿井生产原煤3298.92万吨，同比减少920.54万吨，下降21.82%，环比减少982.68万吨，下降22.95%。,205,通用簡體中文,True,0,,split_paragraph,249,0.0,0.0,0.0,1.0,0.0,1.0
Price Futures Group的分析师Phil Flynn表示，“很多次，市场对类似事件立即作出强烈反应，但在对相关风险进行进一步研究后，人们开始长远地看待事件的影响。” 德国商业银行商品分析师Daniel Briesemann表示，“如果中东局势没有改善，金价可能进一步走强，但如果出现改善，金价可能跌穿1，200美元。”立博塔斯财富管理集团的总裁兼投资组合管理人Adam Koos说，“虽然地缘政治因素总是能够带来短期的价格波动，但是美元才是投资者们应该关注的东西。,239,通用簡體中文,True,0,,split_paragraph,236,0.0,0.0,0.0,1.0,0.0,1.0
但在强势的人物面前大怂若强大愚若智，用迂回的方式和欺负自己的人做一点小小的斗争。斗不过也没办法，唾面自干，明天又是新的一天。,62,通用簡體中文,True,0,,split_paragraph,236,0.0,0.0,0.0,1.0,0.0,1.0
家常菜，感觉口味不错，价格适中，就是地方不是很大，有点偏挤。可以小吃，同学聚餐。,40,通用簡體中文,True,0,,split_paragraph,125,0.0,0.0,0.0,1.0,0.0,1.0
与致富带头人共谋发展改善基础——富民强村但是要做大做强一个产业，刚起步总是很难，摆在我面前的第一个难题就是交通问题，黑山羊可以养，但是怎么卖出去呢?没有可以成批运输的渠道，只靠一只一只的牵出去是不可能发展的!想通这点后我就立即着手向乡政府写报道，很快得到了乡党委郭书记的认可，她也多次带队来我村实地查看、选址，最终为我们村两委争取到3万元资金，再加上王眉古寨上12社村民的众筹，总共7万元。我们用这笔钱打通了这条通天路，开启了村上第一个产业——黑山羊养殖，也培养起了第一批致富带头人——邱凯与康杨莉。,250,通用簡體中文,True,0,,split_paragraph,160,0.0,0.0,0.0,1.0,0.0,1.0
第二日上午，小谢的同事有事找他，打他的电话怎么也打不通，便来到小谢家里探一究竟，结果发现小谢已经神志不清了。小谢的父母急忙将其送往当地人民医院抢救，却未能获得良好诊治。10月9日，在辗转各大医院后，小谢的父母带着他来到湖南省酒瘾网瘾中心就诊。湖南省脑科医院酒瘾网瘾治疗中心主任周旭辉仔细询问病史并进行相关检查后，最后确诊了小谢的疾病——急性酒精中毒并发缺血缺氧性脑病。,184,通用簡體中文,True,0,,split_paragraph,189,0.0,0.0,0.0,1.0,0.0,1.0
曾经有一对相爱的情侣，女孩双目失明，男孩问女孩如果你复明了，你会嫁给我吗？后来女孩得到了一对眼角膜，复明后发现男孩是个瞎子，果断拒绝了男孩。,70,通用簡體中文,True,0,,split_paragraph,222,0.0,0.0,0.0,1.0,0.0,1.0
”桑洲镇“打包”为农户投保的模式，在国内还不多见。“这也体现了共青团的工作思路给地方政府提供了借鉴，促使政府引导经济合作社的社员实现从传统的农产品销售途径到线上销售途径的转变，通过保险的推动，提升当地电商农产品的品牌，这是我们乐于看到的趋势。”钱雪华说。除了“打包”投保之外，达到一定规模的电商农产品企业可以直接投保，而比较小的农产品企业也可以和保险公司对接，根据具体情况，单独制订保险计划。“其实在我们联系的青年农产品电商里，这样的小企业才是大多数，也是需求最多的群体。,236,通用簡體中文,True,0,,split_paragraph,218,0.0,0.0,0.0,1.0,0.0,1.0
环保板块估值风险有所积聚。万邦达:经营业绩大幅增长，打造综合型环保服务平台类别：公司研究 机构：长江证券股份有限公司 研究员：邓莹 日期：2015-04-09事件评论主营业务运行良好，业绩稳中有升。公司今年一季度在积极拓展市场的同时，强化企业管理，规范业务流程，实现了营业收入的快速增长，同比增加了209.38%。其中，公司在工程承包项目、托管运营、商品销售等主营业务上集中施工和供货，再加上2014 年新收购的昊天节能子公司业务进展顺利，协同效应明显，使得公司一季度的业绩大幅上升。,242,通用簡體中文,True,0,,split_paragraph,214,0.0,0.0,0.0,1.0,0.0,1.0
六是深入开展节能减排全民行动，推动形成勤俭节约、绿色低碳、文明健康的生活方式和消费模式。张勇要求，各级发展改革部门要奋发有为，狠抓落实。一是加强重大问题研究，谋划好“十三五”。二是转变政府职能，切实推进简政放权。三是加强项目管理，切实提高投资效益。四是加强队伍建设，增强工作能力。五是加强系统联动，形成整体合力。3月24日，中央政治局会议再次强调，，要把生态文明建设融入经济、政治、文化、社会建设各方面和全过程，构建五位一体格局。,215,通用簡體中文,True,0,,split_paragraph,237,0.0,0.0,0.0,1.0,0.0,1.0
“环评”在陈吉宁正式接任部长的一个月中，被频繁提及。“环评风暴”甚至被认为是陈吉宁施政的“第一把火”。3月25日，环保部发布《全国环保系统环评机构脱钩方案》，要求全国环保系统环评机构在2016年年底前全部脱钩，环保部门在编及下属企业聘任人员，全部退出环评机构。市场退出、人员退出，彰显环评改革力度。方案出台，距离陈吉宁3月7日在全国人大记者会上的承诺，前后仅相隔17天。这次脱钩方案，被认为是掀起又一次的“环评风暴”，也是对环评机构改革下“最后通牒”。,226,通用簡體中文,True,0,,split_paragraph,102,0.0,0.0,0.0,1.0,0.0,1.0
有时过了很久突然想起一件事的另一种结果或关系，背后一凉补充一句，味道和放了好多天的臭肉差不多，不过会更腥一点。细思恐极的事情是关于一座房子的，腐烂的尸体的味道。我出生在山西北部的一个地级市，小时候生活在一个城中村。那个地方以前是旧火车站的附近，到现在也充斥着形形色色的人，民工，失足女，当然和问题无关。最开始村里有居民近万人。背景交代完毕。,170,通用簡體中文,True,0,,split_paragraph,224,0.0,0.0,0.0,1.0,0.0,1.0
“急性酒精中毒并发缺血缺氧性脑病的治疗、康复训练的过程是很复杂的，涉及多学科合作，需要药物治疗、高压氧及功能康复相结合，加之小谢在发病后由于家庭经济紧张，治疗未能连续进行，错过了救治的黄金期，所以目前是比较棘手的。”周旭辉说，尽管病情严重，但小谢本身年轻，既往体质好，没有基础性疾病，且病程还不是很长，所以坚持规范的治疗还是有希望好转的，希望大家能伸出援手，帮帮他。“酒精的致死量是250克纯酒精，相当于一斤二两白酒的量，也是一般人饮酒的极限。,222,通用簡體中文,False,0,,split_paragraph,53,,,,,,
企业微博营销运营方案（实用篇） 企业微博9大管理体系企业微博系统规范化管理的“9大管理体系”：企业微博的组织管理企业微博的运营管理企业微博的形象管理企业微博的内容管理企业微博的内容发布流程管理企业微博的授权管理企业微博的协同管理企业微博的危机管理企业微博的激励管理等。企业微博矩阵企业官方微博企业领导人微博员工微博。,158,通用簡體中文,True,0,,split_paragraph,225,0.0,0.0,0.0,1.0,0.0,1.0
现在月经每个月按时来，经血和经量都正常了这月经一调好，人的皮肤、身子都变好了 下面这一位是湖北的梁艳小姐！私处紧.致粉嫩看的见哦 梁艳：好几个闺蜜都在用它，我用后，果然是极好，极为清爽、紧致，很是合我意，我家那位都说，变得好紧哟…我还发现，我的私处不那么黑了，变得越来越粉嫩了，还可以这样吗？哈哈~~我要继续用，真是好东西，女人们的宝贝！效果就是这样震撼，再也不用拼命的到处找、不用大把大把的吃药、不用耐着性子四处寻觅。自信的享受美妙过程吧！,221,通用簡體中文,True,0,,split_paragraph,165,0.0,0.0,0.0,1.0,0.0,1.0
但是排干净后下面就变得非常清爽，异味消失，最高兴的是用到不到一个月的时候，感觉下面滋润了，跟老公同房的时候阴吹没有了，能明显的感到紧握力变强了，连续用2个月下来，老公说我现在的阴道就跟20多岁的小姑娘似的~现在下班回家可准时了，嘻嘻~我很满意，遇到这么好的老师真是我的幸运。下面是网络上认识的南京的陈欣小姐！我们现在是好朋友了（24岁，先天阴道松弛） 陈欣：认识老师还是在去年的9月份。,193,通用簡體中文,True,0,,split_paragraph,157,0.0,0.0,0.0,1.0,0.0,1.0
重点问责政府，是陈吉宁在履新之初，谈及工作计划时，面向公众的公开表态。3月1日下午，履新环保部长不足48小时的陈吉宁，即召集媒体座谈会。在座谈会上，陈吉宁向媒体“交底”，开腔谈及自己的工作计划。在表态要做好的5件事中，陈吉宁将全力贯彻落实好新《环保法》放在第一 “位，其中特别强调“重点要加强对地方政府的监督，督促地方政府切实负起责任”。自陈吉宁1月28日进入环保部以来，环保部先后约谈河北省沧州市、临沂市、承德市及河南省驻马店市等4个城市的主要负责人。其中，此次对驻马店市政府的约谈，规格升级。,248,通用簡體中文,True,0,,split_paragraph,214,0.0,0.0,0.0,1.0,0.0,1.0
总有人质问我，为什么和很多人相处不好。几年前，我在某些人的引导下，选错了自己的专业，开始了一段为期四年的痛苦学业。期间，我遇到过太多不求上进的人，没有目标，没有追求，甚至没有自己想做的事儿，成天就是网吧，游戏，女人，无限循环。自己付出的努力在同窗眼里被视作装逼，我也曾满心欢喜的与身边的人分享自己的成就，期待别人的共鸣与祝愿，结果收到的却是无端的嘲讽与恶意的揣测。,182,通用簡體中文,True,0,,split_paragraph,219,0.0,0.0,0.0,1.0,1.0,2.0
家住在青岛港附近的李先生说，“有些大船一停就是半个月。还有新的船源源不断开过来。”近段时间，中国原油进口相当火爆。跨洋巨型油轮源源不断地将世界各地的原油运往中国。青岛港并不是特例。上海港的停靠船只也已经密密麻麻，给这号称世界最繁忙的港口又增加了几分运输压力。全球供应过剩的原油，距离消化完还很遥远——全球660多艘超级油轮 (VLCC)几乎全都用于将中东地区原油运往亚洲。,186,通用簡體中文,True,0,,split_paragraph,209,0.0,0.0,0.0,1.0,0.0,1.0
王毅在回答如何看待有些势力炒作南海仲裁案问题时强调，仲裁案给解决南海争端开出了错误药方，应当退烧降温了。王毅表示，最近临时仲裁庭作出的所谓裁决给解决南海争端开出了一副错误的药方，导致围绕仲裁的纷争与炒作持续升温，一些域外国家尤其兴奋 不已，高烧不退，干扰了本地区的正常秩序，损害了地区国家的整体利益。这种状况正在引起越来越多国家的担忧、反感和抵制。药方开错了不仅 治不好病，还会侵蚀健康的肌体。因此，我们敦促停止这种无谓的政治操弄与炒作，尽快退烧降温，还南海以安宁，还地区以稳定。,240,通用簡體中文,True,0,,split_paragraph,175,0.0,0.0,0.0,1.0,0.0,1.0
如果不是朋友年纪大些，又站在我们前面，以我的脾气她这顿打一定免不了的了。吃饭吃得好象欠她几百万一样，真是岂有此理！再说一下食物吧。馄饨没有鲜味，汤很淡，与几年前相比简直天壤之别。猪排又老又硬没有滋味。椒盐小排饭象在油里捞出来的。最恶劣的就数那份蜜汁叉烧！丫TM知道什么是蜜汁不啊？淡出个鸟来！没滋没味的几块颜色惨淡的肉干，也TM敢拿出来现眼！这顿饭活足倒胃到要死！,182,通用簡體中文,True,0,,split_paragraph,196,0.0,0.0,0.0,1.0,0.0,1.0
公司2014年研发投入占比下降(4.24%，-1.87 pct)，公司在餐厨处理领域长期投入较高的研发费用，目前相关技术逐步成熟，预计公司未来研发投入占比将保持约4%-5%。银行借款以及募集资金使用导致财务费用率升(-0.73%，+3.08 pct)，但仍为负数，公司资金依然较为充沛。关注外延式扩张及再融资启动情况。2015年公司计划进一步扩大垃圾渗滤液处理及餐厨垃圾处理业务的规模和实力。值得关注的是公司计划采用非公开发行引入战略投资者的方式启动再融资工作。,231,真正大陸用語,True,0,,split_paragraph,236,1.0,0.0,0.0,1.0,1.0,3.0
Kabam也希望移动游戏的画质能够赶超主机游戏——在许多其他直接竞争对手专注于尝试更有趣的新想法时，Kabam反其道而行之，他们的首席执行官周凯文甚至说：“我们取消了没有达到3A品质的在研游戏。”|“3A品质”究竟是什么意思？如果你跟我一样长期关注游戏文化，当听到“3A品质”这个词儿时，你可能会联想到大量手工制作的内容、最大限度发挥最新硬件性能的高级3D引擎、复杂/逼真的粒子系统和动画等等——实现这些内容通常代价昂贵，只有那些有钱雇佣300人组建一支团队的公司才能做到。,237,通用簡體中文,True,1,硬件,split_paragraph,84,0.0,0.0,0.0,1.0,0.0,1.0
卫生习惯：每月来月经子宫内膜脱落的上皮组织细胞，让这些高蛋白极易霉变的瘀毒。女性一生只有400颗左右的卵子，没排出一颗都是衰老的象征！如果长期开采却不给予护理，卵巢就会干瘪枯萎，出现妇科疾病，进而导致糜烂或者癌变，患妇科疾病的女性正以高于正常值5-6倍的速度衰老。（专为女性解决妇科问题，在王娟老师的朋友圈里有多个妇科疾病痊愈的案例！） 亲爱的朋友：能看到我的故事，说明你正在承受着难以启齿，又让你万分焦虑的私处松弛之苦，这是不是已经影响到了你们的夫妻感情？,229,通用簡體中文,True,0,,split_paragraph,245,0.0,0.0,0.0,1.0,0.0,1.0
电影讲述一名生活在一个快被淹没的城镇的老人。随著水位的上升，他不得不用砖块把他的屋子堆得更高。有一天，他把他最爱的烟斗掉到屋子的深处，为了找回烟斗，他买了一件潜水衣。,83,通用簡體中文,True,0,,split_paragraph,195,0.0,0.0,0.0,1.0,0.0,1.0
味道的确不错，但是，坦白说，服务不怎么样。也许是因为生意太好了的缘故，客人多，所以烧烤和服务的质量就下去了，经常东西烤糊了也给上来，而且要等好长时间。,75,通用簡體中文,True,0,,split_paragraph,215,0.0,0.0,0.0,1.0,0.0,1.0
生肖龙属龙的人，天赋异禀，多才多艺，气质不凡，若是其出生于贫寒家庭，一般来说都是好事情，因为属龙人天生具有傲气，好胜心强，而挫折能使得他们学会谦卑，懂得甘难辛苦，所以就越能激发出他们心中的斗志，会更加刻苦的学习，为人低调，行事缜密。而待其长大之后，往往都是百里挑一的人中龙凤，不仅事业发展平步青云，财运更是一发不可收拾。生肖狗属狗的人，为人谦逊，性格踏实，做事认真负责，决断力强。若是其出生在贫寒的家庭之中，通常可以获得性格的早熟，磨砺其个性，使其配合度更高。,230,通用簡體中文,True,0,,split_paragraph,176,0.0,0.0,0.0,1.0,0.0,1.0
牛肉混沌也很好，怎么把牛肉做得这么嫩，确实是绝招。环境就不能要求太高，不过个人觉得卫生是有保证的，因为发现每隔一会儿厨房人员就会把自己脏了的工作服送到一个小窗口去换干净的。,86,真正大陸用語,True,0,,split_paragraph,245,0.0,1.0,0.0,1.0,1.0,3.0
因为两人知道，其中包的数字对不起来，再加上包的实际价格和市场价格差距太大了，如果把包还给薛的母亲，事情则穿帮了，所以想出了这个销毁的“妙计”。而拍视频则是用来敷衍其母亲，到时就说东西已经烧掉了，则没办法对账。然而刘颖等人的“小聪明”并不能逃出恢恢法网，最终薛和母亲去派出所报案，警方经过侦查予以立案。日前刘颖和徐东因涉嫌诈骗罪被宝山区人民检察院提起公诉。,177,通用簡體中文,True,0,,split_paragraph,90,0.0,0.0,0.0,1.0,0.0,1.0
看完这部剧，小编了解了一下，这是湖南卫视电视剧频道“小戏骨”栏目推出的《白蛇传》翻拍。而其中小演员的平均年龄只有七八岁。也是大写的服！饰演白娘子的小演员叫陶奕希，2006年出生，今年10岁，人称小樱桃。虽然只有10岁，小樱桃的履历已经很吓人了。看她跳舞，简直和白娘子是两个画风！酷到没朋友。这大长腿，这灵活的肢体，小编也是羡慕不已啊！之前，她还上过《快乐大本营》。前段时间还出演了《画江湖》。这次参加《小戏骨》，小樱桃也是下了很大的决心。刚开始觉得自己演得不好，还哭着要求再来一次。,241,通用簡體中文,True,0,,split_paragraph,245,0.0,0.0,0.0,1.0,1.0,2.0
注了个马甲来这里提问其实有点丢人，但知道这里卧虎藏龙，现在有些家庭问题不得不求助。我和妻子结婚快四年，算上恋爱，在一起差不多七年多了，现在并不是遭遇了七年之痒的问题，而是其他问题。我和妻子都是互联网圈的，妻子是某大公司的高级经理，我是发展中公司目前还在一线的开发，妻子到手工资比我高，我目前期权多一点，但实际到手工资差一些。我很爱我的妻子，她当初吸引我的一点就是她很认真努力懂事，让我觉得是个难得的善解人意的好女孩，但是婚后却发现我可能很多事情想简单了。,227,真正大陸用語,True,0,,split_paragraph,48,1.0,0.0,0.0,1.0,1.0,3.0
请问各位觉得哪个出版社谁翻译的理想国比较好？忍不住了，作为一个在美国读古希腊哲学博士的，必须回答这个问题。很遗憾的是我完全不了解汉译版，只能说说英译版。首先，John Cooper编的 Plato Complete Works是一本哲学界公认的译本，似乎只有Hard copy。John Cooper 本身在Princeton教古希腊哲学，这本书不是一个人翻译的，而是搜集了各家的翻译（因此我觉得王晓朝教授一个人翻译全部让我很吃惊。,216,通用簡體中文,True,0,,split_paragraph,241,0.0,0.0,0.0,1.0,0.0,1.0
一次次的入内改变着人对于酒屋以及她所周遭的一切饮食。从最初的欣赏到享受，到如今的习惯，甚至有了些不知所味。似乎频率麻木了味觉神经，份量解构了承受能力。她开始有了些改变。追溯该到源头。清酒、烧酒、梅子酒才是她前往酒屋的唯一冲动。带着米香抑或是果香的酒，酌饮入喉，稍许辛辣的清凉在数数几分钟后热氲全身，那股子情愫飘然致头，思念和回忆川流不息。就着几片刺身，异乡的海上漂泊似回到岸上，重温家人的温暖。这种似醉微醉的梦就此延续着多次。俗世变迁，人员扩充。小酒屋挤进了更多的食客，吃饭似乎成了一种流程。,246,通用簡體中文,True,0,,split_paragraph,207,0.0,0.0,0.0,1.0,0.0,1.0
几年前去过一次，吃的是水晶鸡，近排又去过一次，点的是红葱头蒸鸡，海马水晶鸡，不知是否换了师傅，感觉味道有点咸，与以前记忆有所出入，味道也没以前好了。主要是吃鸡，其他菜式都不记得了。,90,通用簡體中文,True,0,,split_paragraph,217,0.0,0.0,0.0,1.0,0.0,1.0
嗯哼，作为从业者说几个数据吧。我们整个企业今天到现在为止总计接单一共六十几万对， 其中布鞋（冷粘工艺）包括布配皮合计25万对，店内搜索页-热风男鞋旗舰店 （最后一个款是我们生产的）， 软底软面类型4万对，（没有图片，懒得找） 布洛克及其变形3万对， 其他不计。不过以上不代表流行。如果说今年整体的流行元素应该是由于都教授的影响（还有过完各大街拍网站，女生各种搭配运动元素）带动起来的运动风。,195,通用簡體中文,True,0,,split_paragraph,179,0.0,0.0,0.0,1.0,1.0,2.0
在储备方面，中国目前基本依靠政府主导，国有储备与商业储备尚未彻底分离。,35,通用簡體中文,True,0,,split_paragraph,239,0.0,0.0,0.0,1.0,0.0,1.0
▼长签五毛 短签三毛好吃不贵 经济实惠为了回馈临潼人民的热情，老板这次要放大招了！一大波福利来袭，还不快来接住！?纵情分享你的生日你做主一岁一启程，一次生日一句祝福，成长在每一个新的启程和真心的祝福中，生日快乐！★生日当天到“嘉州上上签”聚餐，凭本人身份证，消费总价立享8.8折，送手工面一份。,147,真正大陸用語,True,0,,split_paragraph,216,1.0,0.0,0.0,1.0,1.0,3.0
专家们表示，参与救治工作的医院每天对所有伤员进行动态会诊实时掌握情况，自治区和乌鲁木齐市两级卫生部门协调重点药品和血液保证，充分保障伤员的医疗需要，每个伤员都得到了最好的医疗救治。目前，4名伤者已经出院，大多数重伤员已脱离危险。悉心照顾抚慰案件中受伤遇害的多为老年人，年龄最大的已80多岁，他们大多在新疆工作生活超过50年，一生经历了风风雨雨，为新疆发展作出了贡献，到了四世同堂颐养天年的年纪，却遭受了暴力恐怖分子惨绝人寰的袭击。面对亲人遭受的伤痛折磨甚至生命的骤然逝去，家属们伤心泪涌、悲痛欲绝。,249,通用簡體中文,True,0,,split_paragraph,222,0.0,0.0,0.0,1.0,0.0,1.0
三儿子天赋异禀 小贝的三个儿子中，最有天赋的是老三克鲁兹，从小就对足球很喜爱。根据英国足球专家的看法，贝克汉姆三个儿子中最具有足球天赋的是三公子克鲁兹，他的职业前景也最被外界所看好。因为克鲁兹的触球反应速度最快，动作也很灵敏，如果照这样发展下去，他将来会是众多俱乐部争抢的热门新星。女儿小七最漂亮 时尚界的宠儿 贝克汉姆的女儿被赞长得最像小贝，继承了父母的的优良基因：父亲的颜值和母亲的气质。虽然只有四岁，但是在时尚圈里，身价已然不菲，童装的热门代言人。,227,通用簡體中文,True,0,,split_paragraph,223,0.0,0.0,0.0,1.0,0.0,1.0
而且上万的配置依然该卡就卡，录制都没法做。不要说什么PC可以上网，刷贴吧问答社区AB站。这些东西喷的没法看的安卓都可以，电脑手机人人有。家家都有电脑，你说这个叫个什么优势？首先申明一点，主机跟PC并不是个二选一的问题，不存在说有了主机就不能买PC，也不可能说有了PC不准买主机。我13年组的主机，配置不高，E3760，带显示器，差不多7000搞定了。虽然不比万元壕机。也能拍胸脯保证能跑世面全部游戏，特效不保证。但不妨碍入我觉得游戏荒而买了个PS4. 先问是不是就谈为什么的都是耍流氓。,243,真正大陸用語,True,1,搞定,split_paragraph,214,1.0,0.0,1.0,1.0,1.0,4.0
很有点儿小资的感觉，中间有书架，放着一些看过或没看过，畅销或深刻的书。菜都比较精致，看得出是用心去做了，就是量都不大，好在我们重在聊天，只是感受一下就可以了。,79,通用簡體中文,True,0,,split_paragraph,221,0.0,0.0,0.0,1.0,0.0,1.0
主要规定学校发生撤并或者名称、类别层次、办学宗旨、发展目标与管理体制机制等重大内容变化时，对章程进行修订的权限、程序与办法。九学校章程解释权归属与施行日期。除以上基本内容外，中等职业学校章程中还应载明校企合作、工学结合等体现现代职业教育发展的内容。意见同时要求，各地各校要加强组织领导，坚持统筹规划，坚持改革创新，认真组织开展本地本校学校章程建设；要规范工作流程，建立学校章程建设领导小组，形成“一把手”亲自主抓，参与成员专人专责的工作机制；,221,通用簡體中文,True,1,程序,split_paragraph,204,0.0,0.0,0.0,1.0,1.0,2.0
